STATBL_ID,DTACYCLE_CD,WRTTIME_IDTFR_ID,GRP_ID,GRP_NM,CLS_ID,CLS_NM,ITM_ID,ITM_NM,DTA_VAL,UI_NM,GRP_FULLNM,CLS_FULLNM,ITM_FULLNM,WRTTIME_DESC,STATBL_NM
A_2024_00206,HY,202202,,,500001,중국,100001,주택수,43058.0,호수,,중국,주택수,2022년 하반기,국적별 외국인주택소유현황_공동주택
A_2024_00206,HY,202202,,,500002,미국,100001,주택수,16810.0,호수,,미국,주택수,2022년 하반기,국적별 외국인주택소유현황_공동주택
A_2024_00206,HY,202202,,,500003,캐나다,100001,주택수,5000.0,호수,,캐나다,주택수,2022년 하반기,국적별 외국인주택소유현황_공동주택
A_2024_00206,HY,202202,,,500004,일본,100001,주택수,1244.0,호수,,일본,주택수,2022년 하반기,국적별 외국인주택소유현황_공동주택
A_2024_00206,HY,202202,,,500005,대만,100001,주택수,2793.0,호수,,대만,주택수,2022년 하반기,국적별 외국인주택소유현황_공동주택
A_2024_00206,HY,202202,,,500006,호주,100001,주택수,1487.0,호수,,호주,주택수,2022년 하반기,국적별 외국인주택소유현황_공동주택
A_2024_00206,HY,202202,,,500007,베트남,100001,주택수,842.0,호수,,베트남,주택수,2022년 하반기,국적별 외국인주택소유현황_공동주택
A_2024_00206,HY,202202,,,500008,뉴질랜드,100001,주택수,685.0,호수,,뉴질랜드,주택수,2022년 하반기,국적별 외국인주택소유현황_공동주택
A_2024_00206,HY,202202,,,500009,영/프/독,100001,주택수,905.0,호수,,영/프/독,주택수,2022년 하반기,국적별 외국인주택소유현황_공동주택
A_2024_00206,HY,202202,,,500010,기타아시아,100001,주택수,1495.0,호수,,기타아시아,주택수,2022년 하반기,국적별 외국인주택소유현황_공동주택
A_2024_00206,HY,202202,,,500011,기타유럽,100001,주택수,1043.0,호수,,기타유럽,주택수,2022년 하반기,국적별 외국인주택소유현황_공동주택
A_2024_00206,HY,202202,,,500012,기타국가,100001,주택수,120.0,호수,,기타국가,주택수,2022년 하반기,국적별 외국인주택소유현황_공동주택
A_2024_00206,HY,202202,,,500013,기타,100001,주택수,665.0,호수,,기타,주택수,2022년 하반기,국적별 외국인주택소유현황_공동주택
A_2024_00206,HY,202202,,,500001,중국,100002,(지분반영주택수),40622.0,호수,,중국,(지분반영주택수),2022년 하반기,국적별 외국인주택소유현황_공동주택
A_2024_00206,HY,202202,,,500002,미국,100002,(지분반영주택수),14852.0,호수,,미국,(지분반영주택수),2022년 하반기,국적별 외국인주택소유현황_공동주택
A_2024_00206,HY,202202,,,500003,캐나다,100002,(지분반영주택수),4119.0,호수,,캐나다,(지분반영주택수),2022년 하반기,국적별 외국인주택소유현황_공동주택
A_2024_00206,HY,202202,,,500004,일본,100002,(지분반영주택수),1008.0,호수,,일본,(지분반영주택수),2022년 하반기,국적별 외국인주택소유현황_공동주택
A_2024_00206,HY,202202,,,500005,대만,100002,(지분반영주택수),2577.0,호수,,대만,(지분반영주택수),2022년 하반기,국적별 외국인주택소유현황_공동주택
A_2024_00206,HY,202202,,,500006,호주,100002,(지분반영주택수),1268.0,호수,,호주,(지분반영주택수),2022년 하반기,국적별 외국인주택소유현황_공동주택
A_2024_00206,HY,202202,,,500007,베트남,100002,(지분반영주택수),694.0,호수,,베트남,(지분반영주택수),2022년 하반기,국적별 외국인주택소유현황_공동주택
A_2024_00206,HY,202202,,,500008,뉴질랜드,100002,(지분반영주택수),578.0,호수,,뉴질랜드,(지분반영주택수),2022년 하반기,국적별 외국인주택소유현황_공동주택
A_2024_00206,HY,202202,,,500009,영/프/독,100002,(지분반영주택수),739.0,호수,,영/프/독,(지분반영주택수),2022년 하반기,국적별 외국인주택소유현황_공동주택
A_2024_00206,HY,202202,,,500010,기타아시아,100002,(지분반영주택수),1336.0,호수,,기타아시아,(지분반영주택수),2022년 하반기,국적별 외국인주택소유현황_공동주택
A_2024_00206,HY,202202,,,500011,기타유럽,100002,(지분반영주택수),940.0,호수,,기타유럽,(지분반영주택수),2022년 하반기,국적별 외국인주택소유현황_공동주택
A_2024_00206,HY,202202,,,500012,기타국가,100002,(지분반영주택수),98.0,호수,,기타국가,(지분반영주택수),2022년 하반기,국적별 외국인주택소유현황_공동주택
A_2024_00206,HY,202202,,,500013,기타,100002,(지분반영주택수),626.0,호수,,기타,(지분반영주택수),2022년 하반기,국적별 외국인주택소유현황_공동주택
A_2024_00206,HY,202202,,,500001,중국,100003,소유자수,46065.0,명,,중국,소유자수,2022년 하반기,국적별 외국인주택소유현황_공동주택
A_2024_00206,HY,202202,,,500002,미국,100003,소유자수,14698.0,명,,미국,소유자수,2022년 하반기,국적별 외국인주택소유현황_공동주택
A_2024_00206,HY,202202,,,500003,캐나다,100003,소유자수,4045.0,명,,캐나다,소유자수,2022년 하반기,국적별 외국인주택소유현황_공동주택
A_2024_00206,HY,202202,,,500004,일본,100003,소유자수,1097.0,명,,일본,소유자수,2022년 하반기,국적별 외국인주택소유현황_공동주택
A_2024_00206,HY,202202,,,500005,대만,100003,소유자수,2474.0,명,,대만,소유자수,2022년 하반기,국적별 외국인주택소유현황_공동주택
A_2024_00206,HY,202202,,,500006,호주,100003,소유자수,1256.0,명,,호주,소유자수,2022년 하반기,국적별 외국인주택소유현황_공동주택
A_2024_00206,HY,202202,,,500007,베트남,100003,소유자수,817.0,명,,베트남,소유자수,2022년 하반기,국적별 외국인주택소유현황_공동주택
A_2024_00206,HY,202202,,,500008,뉴질랜드,100003,소유자수,597.0,명,,뉴질랜드,소유자수,2022년 하반기,국적별 외국인주택소유현황_공동주택
A_2024_00206,HY,202202,,,500009,영/프/독,100003,소유자수,822.0,명,,영/프/독,소유자수,2022년 하반기,국적별 외국인주택소유현황_공동주택
A_2024_00206,HY,202202,,,500010,기타아시아,100003,소유자수,1429.0,명,,기타아시아,소유자수,2022년 하반기,국적별 외국인주택소유현황_공동주택
A_2024_00206,HY,202202,,,500011,기타유럽,100003,소유자수,957.0,명,,기타유럽,소유자수,2022년 하반기,국적별 외국인주택소유현황_공동주택
A_2024_00206,HY,202202,,,500012,기타국가,100003,소유자수,113.0,명,,기타국가,소유자수,2022년 하반기,국적별 외국인주택소유현황_공동주택
A_2024_00206,HY,202202,,,500013,기타,100003,소유자수,604.0,명,,기타,소유자수,2022년 하반기,국적별 외국인주택소유현황_공동주택
A_2024_00206,HY,202202,,,500001,중국,100004,1인당 평균소유주택수,0.93,호수,,중국,1인당 평균소유주택수,2022년 하반기,국적별 외국인주택소유현황_공동주택
A_2024_00206,HY,202202,,,500002,미국,100004,1인당 평균소유주택수,1.14,호수,,미국,1인당 평균소유주택수,2022년 하반기,국적별 외국인주택소유현황_공동주택
A_2024_00206,HY,202202,,,500003,캐나다,100004,1인당 평균소유주택수,1.24,호수,,캐나다,1인당 평균소유주택수,2022년 하반기,국적별 외국인주택소유현황_공동주택
A_2024_00206,HY,202202,,,500004,일본,100004,1인당 평균소유주택수,1.13,호수,,일본,1인당 평균소유주택수,2022년 하반기,국적별 외국인주택소유현황_공동주택
A_2024_00206,HY,202202,,,500005,대만,100004,1인당 평균소유주택수,1.13,호수,,대만,1인당 평균소유주택수,2022년 하반기,국적별 외국인주택소유현황_공동주택
A_2024_00206,HY,202202,,,500006,호주,100004,1인당 평균소유주택수,1.18,호수,,호주,1인당 평균소유주택수,2022년 하반기,국적별 외국인주택소유현황_공동주택
A_2024_00206,HY,202202,,,500007,베트남,100004,1인당 평균소유주택수,1.03,호수,,베트남,1인당 평균소유주택수,2022년 하반기,국적별 외국인주택소유현황_공동주택
A_2024_00206,HY,202202,,,500008,뉴질랜드,100004,1인당 평균소유주택수,1.15,호수,,뉴질랜드,1인당 평균소유주택수,2022년 하반기,국적별 외국인주택소유현황_공동주택
A_2024_00206,HY,202202,,,500009,영/프/독,100004,1인당 평균소유주택수,1.1,호수,,영/프/독,1인당 평균소유주택수,2022년 하반기,국적별 외국인주택소유현황_공동주택
A_2024_00206,HY,202202,,,500010,기타아시아,100004,1인당 평균소유주택수,1.05,호수,,기타아시아,1인당 평균소유주택수,2022년 하반기,국적별 외국인주택소유현황_공동주택
A_2024_00206,HY,202202,,,500011,기타유럽,100004,1인당 평균소유주택수,1.09,호수,,기타유럽,1인당 평균소유주택수,2022년 하반기,국적별 외국인주택소유현황_공동주택
A_2024_00206,HY,202202,,,500012,기타국가,100004,1인당 평균소유주택수,1.06,호수,,기타국가,1인당 평균소유주택수,2022년 하반기,국적별 외국인주택소유현황_공동주택
A_2024_00206,HY,202202,,,500013,기타,100004,1인당 평균소유주택수,1.1,호수,,기타,1인당 평균소유주택수,2022년 하반기,국적별 외국인주택소유현황_공동주택
A_2024_00206,HY,202202,,,500001,중국,100005,(지분반영 1인당 평균소유주택수),0.88,호수,,중국,(지분반영 1인당 평균소유주택수),2022년 하반기,국적별 외국인주택소유현황_공동주택
A_2024_00206,HY,202202,,,500002,미국,100005,(지분반영 1인당 평균소유주택수),1.01,호수,,미국,(지분반영 1인당 평균소유주택수),2022년 하반기,국적별 외국인주택소유현황_공동주택
A_2024_00206,HY,202202,,,500003,캐나다,100005,(지분반영 1인당 평균소유주택수),1.02,호수,,캐나다,(지분반영 1인당 평균소유주택수),2022년 하반기,국적별 외국인주택소유현황_공동주택
A_2024_00206,HY,202202,,,500004,일본,100005,(지분반영 1인당 평균소유주택수),0.92,호수,,일본,(지분반영 1인당 평균소유주택수),2022년 하반기,국적별 외국인주택소유현황_공동주택
A_2024_00206,HY,202202,,,500005,대만,100005,(지분반영 1인당 평균소유주택수),1.04,호수,,대만,(지분반영 1인당 평균소유주택수),2022년 하반기,국적별 외국인주택소유현황_공동주택
A_2024_00206,HY,202202,,,500006,호주,100005,(지분반영 1인당 평균소유주택수),1.01,호수,,호주,(지분반영 1인당 평균소유주택수),2022년 하반기,국적별 외국인주택소유현황_공동주택
A_2024_00206,HY,202202,,,500007,베트남,100005,(지분반영 1인당 평균소유주택수),0.85,호수,,베트남,(지분반영 1인당 평균소유주택수),2022년 하반기,국적별 외국인주택소유현황_공동주택
A_2024_00206,HY,202202,,,500008,뉴질랜드,100005,(지분반영 1인당 평균소유주택수),0.97,호수,,뉴질랜드,(지분반영 1인당 평균소유주택수),2022년 하반기,국적별 외국인주택소유현황_공동주택
A_2024_00206,HY,202202,,,500009,영/프/독,100005,(지분반영 1인당 평균소유주택수),0.9,호수,,영/프/독,(지분반영 1인당 평균소유주택수),2022년 하반기,국적별 외국인주택소유현황_공동주택
A_2024_00206,HY,202202,,,500010,기타아시아,100005,(지분반영 1인당 평균소유주택수),0.94,호수,,기타아시아,(지분반영 1인당 평균소유주택수),2022년 하반기,국적별 외국인주택소유현황_공동주택
A_2024_00206,HY,202202,,,500011,기타유럽,100005,(지분반영 1인당 평균소유주택수),0.98,호수,,기타유럽,(지분반영 1인당 평균소유주택수),2022년 하반기,국적별 외국인주택소유현황_공동주택
A_2024_00206,HY,202202,,,500012,기타국가,100005,(지분반영 1인당 평균소유주택수),0.87,호수,,기타국가,(지분반영 1인당 평균소유주택수),2022년 하반기,국적별 외국인주택소유현황_공동주택
A_2024_00206,HY,202202,,,500013,기타,100005,(지분반영 1인당 평균소유주택수),1.04,호수,,기타,(지분반영 1인당 평균소유주택수),2022년 하반기,국적별 외국인주택소유현황_공동주택
A_2024_00206,HY,202301,,,500001,중국,100001,주택수,45406.0,호수,,중국,주택수,2023년 상반기,국적별 외국인주택소유현황_공동주택
A_2024_00206,HY,202301,,,500002,미국,100001,주택수,17232.0,호수,,미국,주택수,2023년 상반기,국적별 외국인주택소유현황_공동주택
A_2024_00206,HY,202301,,,500003,캐나다,100001,주택수,5109.0,호수,,캐나다,주택수,2023년 상반기,국적별 외국인주택소유현황_공동주택
A_2024_00206,HY,202301,,,500004,일본,100001,주택수,1280.0,호수,,일본,주택수,2023년 상반기,국적별 외국인주택소유현황_공동주택
A_2024_00206,HY,202301,,,500005,대만,100001,주택수,2801.0,호수,,대만,주택수,2023년 상반기,국적별 외국인주택소유현황_공동주택
A_2024_00206,HY,202301,,,500006,호주,100001,주택수,1523.0,호수,,호주,주택수,2023년 상반기,국적별 외국인주택소유현황_공동주택
A_2024_00206,HY,202301,,,500007,베트남,100001,주택수,928.0,호수,,베트남,주택수,2023년 상반기,국적별 외국인주택소유현황_공동주택
A_2024_00206,HY,202301,,,500008,뉴질랜드,100001,주택수,705.0,호수,,뉴질랜드,주택수,2023년 상반기,국적별 외국인주택소유현황_공동주택
A_2024_00206,HY,202301,,,500009,영/프/독,100001,주택수,936.0,호수,,영/프/독,주택수,2023년 상반기,국적별 외국인주택소유현황_공동주택
A_2024_00206,HY,202301,,,500010,기타아시아,100001,주택수,1703.0,호수,,기타아시아,주택수,2023년 상반기,국적별 외국인주택소유현황_공동주택
A_2024_00206,HY,202301,,,500011,기타유럽,100001,주택수,1149.0,호수,,기타유럽,주택수,2023년 상반기,국적별 외국인주택소유현황_공동주택
A_2024_00206,HY,202301,,,500012,기타국가,100001,주택수,124.0,호수,,기타국가,주택수,2023년 상반기,국적별 외국인주택소유현황_공동주택
A_2024_00206,HY,202301,,,500013,기타,100001,주택수,660.0,호수,,기타,주택수,2023년 상반기,국적별 외국인주택소유현황_공동주택
A_2024_00206,HY,202301,,,500001,중국,100002,(지분반영주택수),42857.0,호수,,중국,(지분반영주택수),2023년 상반기,국적별 외국인주택소유현황_공동주택
A_2024_00206,HY,202301,,,500002,미국,100002,(지분반영주택수),15198.0,호수,,미국,(지분반영주택수),2023년 상반기,국적별 외국인주택소유현황_공동주택
A_2024_00206,HY,202301,,,500003,캐나다,100002,(지분반영주택수),4200.0,호수,,캐나다,(지분반영주택수),2023년 상반기,국적별 외국인주택소유현황_공동주택
A_2024_00206,HY,202301,,,500004,일본,100002,(지분반영주택수),1031.0,호수,,일본,(지분반영주택수),2023년 상반기,국적별 외국인주택소유현황_공동주택
A_2024_00206,HY,202301,,,500005,대만,100002,(지분반영주택수),2578.0,호수,,대만,(지분반영주택수),2023년 상반기,국적별 외국인주택소유현황_공동주택
A_2024_00206,HY,202301,,,500006,호주,100002,(지분반영주택수),1291.0,호수,,호주,(지분반영주택수),2023년 상반기,국적별 외국인주택소유현황_공동주택
A_2024_00206,HY,202301,,,500007,베트남,100002,(지분반영주택수),769.0,호수,,베트남,(지분반영주택수),2023년 상반기,국적별 외국인주택소유현황_공동주택
A_2024_00206,HY,202301,,,500008,뉴질랜드,100002,(지분반영주택수),598.0,호수,,뉴질랜드,(지분반영주택수),2023년 상반기,국적별 외국인주택소유현황_공동주택
A_2024_00206,HY,202301,,,500009,영/프/독,100002,(지분반영주택수),759.0,호수,,영/프/독,(지분반영주택수),2023년 상반기,국적별 외국인주택소유현황_공동주택
A_2024_00206,HY,202301,,,500010,기타아시아,100002,(지분반영주택수),1537.0,호수,,기타아시아,(지분반영주택수),2023년 상반기,국적별 외국인주택소유현황_공동주택
A_2024_00206,HY,202301,,,500011,기타유럽,100002,(지분반영주택수),1040.0,호수,,기타유럽,(지분반영주택수),2023년 상반기,국적별 외국인주택소유현황_공동주택
A_2024_00206,HY,202301,,,500012,기타국가,100002,(지분반영주택수),103.0,호수,,기타국가,(지분반영주택수),2023년 상반기,국적별 외국인주택소유현황_공동주택
A_2024_00206,HY,202301,,,500013,기타,100002,(지분반영주택수),621.0,호수,,기타,(지분반영주택수),2023년 상반기,국적별 외국인주택소유현황_공동주택
A_2024_00206,HY,202301,,,500001,중국,100003,소유자수,48467.0,명,,중국,소유자수,2023년 상반기,국적별 외국인주택소유현황_공동주택
A_2024_00206,HY,202301,,,500002,미국,100003,소유자수,15138.0,명,,미국,소유자수,2023년 상반기,국적별 외국인주택소유현황_공동주택
A_2024_00206,HY,202301,,,500003,캐나다,100003,소유자수,4135.0,명,,캐나다,소유자수,2023년 상반기,국적별 외국인주택소유현황_공동주택
A_2024_00206,HY,202301,,,500004,일본,100003,소유자수,1120.0,명,,일본,소유자수,2023년 상반기,국적별 외국인주택소유현황_공동주택
A_2024_00206,HY,202301,,,500005,대만,100003,소유자수,2500.0,명,,대만,소유자수,2023년 상반기,국적별 외국인주택소유현황_공동주택
A_2024_00206,HY,202301,,,500006,호주,100003,소유자수,1293.0,명,,호주,소유자수,2023년 상반기,국적별 외국인주택소유현황_공동주택
A_2024_00206,HY,202301,,,500007,베트남,100003,소유자수,907.0,명,,베트남,소유자수,2023년 상반기,국적별 외국인주택소유현황_공동주택
A_2024_00206,HY,202301,,,500008,뉴질랜드,100003,소유자수,615.0,명,,뉴질랜드,소유자수,2023년 상반기,국적별 외국인주택소유현황_공동주택
A_2024_00206,HY,202301,,,500009,영/프/독,100003,소유자수,854.0,명,,영/프/독,소유자수,2023년 상반기,국적별 외국인주택소유현황_공동주택
A_2024_00206,HY,202301,,,500010,기타아시아,100003,소유자수,1644.0,명,,기타아시아,소유자수,2023년 상반기,국적별 외국인주택소유현황_공동주택
A_2024_00206,HY,202301,,,500011,기타유럽,100003,소유자수,1059.0,명,,기타유럽,소유자수,2023년 상반기,국적별 외국인주택소유현황_공동주택
A_2024_00206,HY,202301,,,500012,기타국가,100003,소유자수,117.0,명,,기타국가,소유자수,2023년 상반기,국적별 외국인주택소유현황_공동주택
A_2024_00206,HY,202301,,,500013,기타,100003,소유자수,600.0,명,,기타,소유자수,2023년 상반기,국적별 외국인주택소유현황_공동주택
A_2024_00206,HY,202301,,,500001,중국,100004,1인당 평균소유주택수,0.94,호수,,중국,1인당 평균소유주택수,2023년 상반기,국적별 외국인주택소유현황_공동주택
A_2024_00206,HY,202301,,,500002,미국,100004,1인당 평균소유주택수,1.14,호수,,미국,1인당 평균소유주택수,2023년 상반기,국적별 외국인주택소유현황_공동주택
A_2024_00206,HY,202301,,,500003,캐나다,100004,1인당 평균소유주택수,1.24,호수,,캐나다,1인당 평균소유주택수,2023년 상반기,국적별 외국인주택소유현황_공동주택
A_2024_00206,HY,202301,,,500004,일본,100004,1인당 평균소유주택수,1.14,호수,,일본,1인당 평균소유주택수,2023년 상반기,국적별 외국인주택소유현황_공동주택
A_2024_00206,HY,202301,,,500005,대만,100004,1인당 평균소유주택수,1.12,호수,,대만,1인당 평균소유주택수,2023년 상반기,국적별 외국인주택소유현황_공동주택
A_2024_00206,HY,202301,,,500006,호주,100004,1인당 평균소유주택수,1.18,호수,,호주,1인당 평균소유주택수,2023년 상반기,국적별 외국인주택소유현황_공동주택
A_2024_00206,HY,202301,,,500007,베트남,100004,1인당 평균소유주택수,1.02,호수,,베트남,1인당 평균소유주택수,2023년 상반기,국적별 외국인주택소유현황_공동주택
A_2024_00206,HY,202301,,,500008,뉴질랜드,100004,1인당 평균소유주택수,1.15,호수,,뉴질랜드,1인당 평균소유주택수,2023년 상반기,국적별 외국인주택소유현황_공동주택
A_2024_00206,HY,202301,,,500009,영/프/독,100004,1인당 평균소유주택수,1.1,호수,,영/프/독,1인당 평균소유주택수,2023년 상반기,국적별 외국인주택소유현황_공동주택
A_2024_00206,HY,202301,,,500010,기타아시아,100004,1인당 평균소유주택수,1.04,호수,,기타아시아,1인당 평균소유주택수,2023년 상반기,국적별 외국인주택소유현황_공동주택
A_2024_00206,HY,202301,,,500011,기타유럽,100004,1인당 평균소유주택수,1.08,호수,,기타유럽,1인당 평균소유주택수,2023년 상반기,국적별 외국인주택소유현황_공동주택
A_2024_00206,HY,202301,,,500012,기타국가,100004,1인당 평균소유주택수,1.06,호수,,기타국가,1인당 평균소유주택수,2023년 상반기,국적별 외국인주택소유현황_공동주택
A_2024_00206,HY,202301,,,500013,기타,100004,1인당 평균소유주택수,1.1,호수,,기타,1인당 평균소유주택수,2023년 상반기,국적별 외국인주택소유현황_공동주택
A_2024_00206,HY,202301,,,500001,중국,100005,(지분반영 1인당 평균소유주택수),0.88,호수,,중국,(지분반영 1인당 평균소유주택수),2023년 상반기,국적별 외국인주택소유현황_공동주택
A_2024_00206,HY,202301,,,500002,미국,100005,(지분반영 1인당 평균소유주택수),1.0,호수,,미국,(지분반영 1인당 평균소유주택수),2023년 상반기,국적별 외국인주택소유현황_공동주택
A_2024_00206,HY,202301,,,500003,캐나다,100005,(지분반영 1인당 평균소유주택수),1.02,호수,,캐나다,(지분반영 1인당 평균소유주택수),2023년 상반기,국적별 외국인주택소유현황_공동주택
A_2024_00206,HY,202301,,,500004,일본,100005,(지분반영 1인당 평균소유주택수),0.92,호수,,일본,(지분반영 1인당 평균소유주택수),2023년 상반기,국적별 외국인주택소유현황_공동주택
A_2024_00206,HY,202301,,,500005,대만,100005,(지분반영 1인당 평균소유주택수),1.03,호수,,대만,(지분반영 1인당 평균소유주택수),2023년 상반기,국적별 외국인주택소유현황_공동주택
A_2024_00206,HY,202301,,,500006,호주,100005,(지분반영 1인당 평균소유주택수),1.0,호수,,호주,(지분반영 1인당 평균소유주택수),2023년 상반기,국적별 외국인주택소유현황_공동주택
A_2024_00206,HY,202301,,,500007,베트남,100005,(지분반영 1인당 평균소유주택수),0.85,호수,,베트남,(지분반영 1인당 평균소유주택수),2023년 상반기,국적별 외국인주택소유현황_공동주택
A_2024_00206,HY,202301,,,500008,뉴질랜드,100005,(지분반영 1인당 평균소유주택수),0.97,호수,,뉴질랜드,(지분반영 1인당 평균소유주택수),2023년 상반기,국적별 외국인주택소유현황_공동주택
A_2024_00206,HY,202301,,,500009,영/프/독,100005,(지분반영 1인당 평균소유주택수),0.89,호수,,영/프/독,(지분반영 1인당 평균소유주택수),2023년 상반기,국적별 외국인주택소유현황_공동주택
A_2024_00206,HY,202301,,,500010,기타아시아,100005,(지분반영 1인당 평균소유주택수),0.93,호수,,기타아시아,(지분반영 1인당 평균소유주택수),2023년 상반기,국적별 외국인주택소유현황_공동주택
A_2024_00206,HY,202301,,,500011,기타유럽,100005,(지분반영 1인당 평균소유주택수),0.98,호수,,기타유럽,(지분반영 1인당 평균소유주택수),2023년 상반기,국적별 외국인주택소유현황_공동주택
A_2024_00206,HY,202301,,,500012,기타국가,100005,(지분반영 1인당 평균소유주택수),0.88,호수,,기타국가,(지분반영 1인당 평균소유주택수),2023년 상반기,국적별 외국인주택소유현황_공동주택
A_2024_00206,HY,202301,,,500013,기타,100005,(지분반영 1인당 평균소유주택수),1.03,호수,,기타,(지분반영 1인당 평균소유주택수),2023년 상반기,국적별 외국인주택소유현황_공동주택
A_2024_00206,HY,202302,,,500001,중국,100001,주택수,48332.0,호수,,중국,주택수,2023년 하반기,국적별 외국인주택소유현황_공동주택
A_2024_00206,HY,202302,,,500002,미국,100001,주택수,17602.0,호수,,미국,주택수,2023년 하반기,국적별 외국인주택소유현황_공동주택
A_2024_00206,HY,202302,,,500003,캐나다,100001,주택수,5211.0,호수,,캐나다,주택수,2023년 하반기,국적별 외국인주택소유현황_공동주택
A_2024_00206,HY,202302,,,500004,일본,100001,주택수,1306.0,호수,,일본,주택수,2023년 하반기,국적별 외국인주택소유현황_공동주택
A_2024_00206,HY,202302,,,500005,대만,100001,주택수,2796.0,호수,,대만,주택수,2023년 하반기,국적별 외국인주택소유현황_공동주택
A_2024_00206,HY,202302,,,500006,호주,100001,주택수,1546.0,호수,,호주,주택수,2023년 하반기,국적별 외국인주택소유현황_공동주택
A_2024_00206,HY,202302,,,500007,베트남,100001,주택수,1075.0,호수,,베트남,주택수,2023년 하반기,국적별 외국인주택소유현황_공동주택
A_2024_00206,HY,202302,,,500008,뉴질랜드,100001,주택수,707.0,호수,,뉴질랜드,주택수,2023년 하반기,국적별 외국인주택소유현황_공동주택
A_2024_00206,HY,202302,,,500009,영/프/독,100001,주택수,959.0,호수,,영/프/독,주택수,2023년 하반기,국적별 외국인주택소유현황_공동주택
A_2024_00206,HY,202302,,,500010,기타아시아,100001,주택수,1966.0,호수,,기타아시아,주택수,2023년 하반기,국적별 외국인주택소유현황_공동주택
A_2024_00206,HY,202302,,,500011,기타유럽,100001,주택수,1259.0,호수,,기타유럽,주택수,2023년 하반기,국적별 외국인주택소유현황_공동주택
A_2024_00206,HY,202302,,,500012,기타국가,100001,주택수,120.0,호수,,기타국가,주택수,2023년 하반기,국적별 외국인주택소유현황_공동주택
A_2024_00206,HY,202302,,,500013,기타,100001,주택수,634.0,호수,,기타,주택수,2023년 하반기,국적별 외국인주택소유현황_공동주택
A_2024_00206,HY,202302,,,500001,중국,100002,(지분반영주택수),45646.0,호수,,중국,(지분반영주택수),2023년 하반기,국적별 외국인주택소유현황_공동주택
A_2024_00206,HY,202302,,,500002,미국,100002,(지분반영주택수),15514.0,호수,,미국,(지분반영주택수),2023년 하반기,국적별 외국인주택소유현황_공동주택
A_2024_00206,HY,202302,,,500003,캐나다,100002,(지분반영주택수),4269.0,호수,,캐나다,(지분반영주택수),2023년 하반기,국적별 외국인주택소유현황_공동주택
A_2024_00206,HY,202302,,,500004,일본,100002,(지분반영주택수),1051.0,호수,,일본,(지분반영주택수),2023년 하반기,국적별 외국인주택소유현황_공동주택
A_2024_00206,HY,202302,,,500005,대만,100002,(지분반영주택수),2567.0,호수,,대만,(지분반영주택수),2023년 하반기,국적별 외국인주택소유현황_공동주택
A_2024_00206,HY,202302,,,500006,호주,100002,(지분반영주택수),1312.0,호수,,호주,(지분반영주택수),2023년 하반기,국적별 외국인주택소유현황_공동주택
A_2024_00206,HY,202302,,,500007,베트남,100002,(지분반영주택수),894.0,호수,,베트남,(지분반영주택수),2023년 하반기,국적별 외국인주택소유현황_공동주택
A_2024_00206,HY,202302,,,500008,뉴질랜드,100002,(지분반영주택수),596.0,호수,,뉴질랜드,(지분반영주택수),2023년 하반기,국적별 외국인주택소유현황_공동주택
A_2024_00206,HY,202302,,,500009,영/프/독,100002,(지분반영주택수),774.0,호수,,영/프/독,(지분반영주택수),2023년 하반기,국적별 외국인주택소유현황_공동주택
A_2024_00206,HY,202302,,,500010,기타아시아,100002,(지분반영주택수),1786.0,호수,,기타아시아,(지분반영주택수),2023년 하반기,국적별 외국인주택소유현황_공동주택
A_2024_00206,HY,202302,,,500011,기타유럽,100002,(지분반영주택수),1140.0,호수,,기타유럽,(지분반영주택수),2023년 하반기,국적별 외국인주택소유현황_공동주택
A_2024_00206,HY,202302,,,500012,기타국가,100002,(지분반영주택수),98.0,호수,,기타국가,(지분반영주택수),2023년 하반기,국적별 외국인주택소유현황_공동주택
A_2024_00206,HY,202302,,,500013,기타,100002,(지분반영주택수),596.0,호수,,기타,(지분반영주택수),2023년 하반기,국적별 외국인주택소유현황_공동주택
A_2024_00206,HY,202302,,,500001,중국,100003,소유자수,51568.0,명,,중국,소유자수,2023년 하반기,국적별 외국인주택소유현황_공동주택
A_2024_00206,HY,202302,,,500002,미국,100003,소유자수,15519.0,명,,미국,소유자수,2023년 하반기,국적별 외국인주택소유현황_공동주택
A_2024_00206,HY,202302,,,500003,캐나다,100003,소유자수,4230.0,명,,캐나다,소유자수,2023년 하반기,국적별 외국인주택소유현황_공동주택
A_2024_00206,HY,202302,,,500004,일본,100003,소유자수,1152.0,명,,일본,소유자수,2023년 하반기,국적별 외국인주택소유현황_공동주택
A_2024_00206,HY,202302,,,500005,대만,100003,소유자수,2510.0,명,,대만,소유자수,2023년 하반기,국적별 외국인주택소유현황_공동주택
A_2024_00206,HY,202302,,,500006,호주,100003,소유자수,1310.0,명,,호주,소유자수,2023년 하반기,국적별 외국인주택소유현황_공동주택
A_2024_00206,HY,202302,,,500007,베트남,100003,소유자수,1062.0,명,,베트남,소유자수,2023년 하반기,국적별 외국인주택소유현황_공동주택
A_2024_00206,HY,202302,,,500008,뉴질랜드,100003,소유자수,620.0,명,,뉴질랜드,소유자수,2023년 하반기,국적별 외국인주택소유현황_공동주택
A_2024_00206,HY,202302,,,500009,영/프/독,100003,소유자수,883.0,명,,영/프/독,소유자수,2023년 하반기,국적별 외국인주택소유현황_공동주택
A_2024_00206,HY,202302,,,500010,기타아시아,100003,소유자수,1908.0,명,,기타아시아,소유자수,2023년 하반기,국적별 외국인주택소유현황_공동주택
A_2024_00206,HY,202302,,,500011,기타유럽,100003,소유자수,1172.0,명,,기타유럽,소유자수,2023년 하반기,국적별 외국인주택소유현황_공동주택
A_2024_00206,HY,202302,,,500012,기타국가,100003,소유자수,115.0,명,,기타국가,소유자수,2023년 하반기,국적별 외국인주택소유현황_공동주택
A_2024_00206,HY,202302,,,500013,기타,100003,소유자수,584.0,명,,기타,소유자수,2023년 하반기,국적별 외국인주택소유현황_공동주택
A_2024_00206,HY,202302,,,500001,중국,100004,1인당 평균소유주택수,0.94,호수,,중국,1인당 평균소유주택수,2023년 하반기,국적별 외국인주택소유현황_공동주택
A_2024_00206,HY,202302,,,500002,미국,100004,1인당 평균소유주택수,1.13,호수,,미국,1인당 평균소유주택수,2023년 하반기,국적별 외국인주택소유현황_공동주택
A_2024_00206,HY,202302,,,500003,캐나다,100004,1인당 평균소유주택수,1.23,호수,,캐나다,1인당 평균소유주택수,2023년 하반기,국적별 외국인주택소유현황_공동주택
A_2024_00206,HY,202302,,,500004,일본,100004,1인당 평균소유주택수,1.13,호수,,일본,1인당 평균소유주택수,2023년 하반기,국적별 외국인주택소유현황_공동주택
A_2024_00206,HY,202302,,,500005,대만,100004,1인당 평균소유주택수,1.11,호수,,대만,1인당 평균소유주택수,2023년 하반기,국적별 외국인주택소유현황_공동주택
A_2024_00206,HY,202302,,,500006,호주,100004,1인당 평균소유주택수,1.18,호수,,호주,1인당 평균소유주택수,2023년 하반기,국적별 외국인주택소유현황_공동주택
A_2024_00206,HY,202302,,,500007,베트남,100004,1인당 평균소유주택수,1.01,호수,,베트남,1인당 평균소유주택수,2023년 하반기,국적별 외국인주택소유현황_공동주택
A_2024_00206,HY,202302,,,500008,뉴질랜드,100004,1인당 평균소유주택수,1.14,호수,,뉴질랜드,1인당 평균소유주택수,2023년 하반기,국적별 외국인주택소유현황_공동주택
A_2024_00206,HY,202302,,,500009,영/프/독,100004,1인당 평균소유주택수,1.09,호수,,영/프/독,1인당 평균소유주택수,2023년 하반기,국적별 외국인주택소유현황_공동주택
A_2024_00206,HY,202302,,,500010,기타아시아,100004,1인당 평균소유주택수,1.03,호수,,기타아시아,1인당 평균소유주택수,2023년 하반기,국적별 외국인주택소유현황_공동주택
A_2024_00206,HY,202302,,,500011,기타유럽,100004,1인당 평균소유주택수,1.07,호수,,기타유럽,1인당 평균소유주택수,2023년 하반기,국적별 외국인주택소유현황_공동주택
A_2024_00206,HY,202302,,,500012,기타국가,100004,1인당 평균소유주택수,1.04,호수,,기타국가,1인당 평균소유주택수,2023년 하반기,국적별 외국인주택소유현황_공동주택
A_2024_00206,HY,202302,,,500013,기타,100004,1인당 평균소유주택수,1.09,호수,,기타,1인당 평균소유주택수,2023년 하반기,국적별 외국인주택소유현황_공동주택
A_2024_00206,HY,202302,,,500001,중국,100005,(지분반영 1인당 평균소유주택수),0.89,호수,,중국,(지분반영 1인당 평균소유주택수),2023년 하반기,국적별 외국인주택소유현황_공동주택
A_2024_00206,HY,202302,,,500002,미국,100005,(지분반영 1인당 평균소유주택수),1.0,호수,,미국,(지분반영 1인당 평균소유주택수),2023년 하반기,국적별 외국인주택소유현황_공동주택
A_2024_00206,HY,202302,,,500003,캐나다,100005,(지분반영 1인당 평균소유주택수),1.01,호수,,캐나다,(지분반영 1인당 평균소유주택수),2023년 하반기,국적별 외국인주택소유현황_공동주택
A_2024_00206,HY,202302,,,500004,일본,100005,(지분반영 1인당 평균소유주택수),0.91,호수,,일본,(지분반영 1인당 평균소유주택수),2023년 하반기,국적별 외국인주택소유현황_공동주택
A_2024_00206,HY,202302,,,500005,대만,100005,(지분반영 1인당 평균소유주택수),1.02,호수,,대만,(지분반영 1인당 평균소유주택수),2023년 하반기,국적별 외국인주택소유현황_공동주택
A_2024_00206,HY,202302,,,500006,호주,100005,(지분반영 1인당 평균소유주택수),1.0,호수,,호주,(지분반영 1인당 평균소유주택수),2023년 하반기,국적별 외국인주택소유현황_공동주택
A_2024_00206,HY,202302,,,500007,베트남,100005,(지분반영 1인당 평균소유주택수),0.84,호수,,베트남,(지분반영 1인당 평균소유주택수),2023년 하반기,국적별 외국인주택소유현황_공동주택
A_2024_00206,HY,202302,,,500008,뉴질랜드,100005,(지분반영 1인당 평균소유주택수),0.96,호수,,뉴질랜드,(지분반영 1인당 평균소유주택수),2023년 하반기,국적별 외국인주택소유현황_공동주택
A_2024_00206,HY,202302,,,500009,영/프/독,100005,(지분반영 1인당 평균소유주택수),0.88,호수,,영/프/독,(지분반영 1인당 평균소유주택수),2023년 하반기,국적별 외국인주택소유현황_공동주택
A_2024_00206,HY,202302,,,500010,기타아시아,100005,(지분반영 1인당 평균소유주택수),0.94,호수,,기타아시아,(지분반영 1인당 평균소유주택수),2023년 하반기,국적별 외국인주택소유현황_공동주택
A_2024_00206,HY,202302,,,500011,기타유럽,100005,(지분반영 1인당 평균소유주택수),0.97,호수,,기타유럽,(지분반영 1인당 평균소유주택수),2023년 하반기,국적별 외국인주택소유현황_공동주택
A_2024_00206,HY,202302,,,500012,기타국가,100005,(지분반영 1인당 평균소유주택수),0.86,호수,,기타국가,(지분반영 1인당 평균소유주택수),2023년 하반기,국적별 외국인주택소유현황_공동주택
A_2024_00206,HY,202302,,,500013,기타,100005,(지분반영 1인당 평균소유주택수),1.02,호수,,기타,(지분반영 1인당 평균소유주택수),2023년 하반기,국적별 외국인주택소유현황_공동주택
A_2024_00206,HY,202401,,,500001,중국,100001,주택수,50734.0,호수,,중국,주택수,2024년 상반기,국적별 외국인주택소유현황_공동주택
A_2024_00206,HY,202401,,,500002,미국,100001,주택수,17924.0,호수,,미국,주택수,2024년 상반기,국적별 외국인주택소유현황_공동주택
A_2024_00206,HY,202401,,,500003,캐나다,100001,주택수,5327.0,호수,,캐나다,주택수,2024년 상반기,국적별 외국인주택소유현황_공동주택
A_2024_00206,HY,202401,,,500004,일본,100001,주택수,1330.0,호수,,일본,주택수,2024년 상반기,국적별 외국인주택소유현황_공동주택
A_2024_00206,HY,202401,,,500005,대만,100001,주택수,2820.0,호수,,대만,주택수,2024년 상반기,국적별 외국인주택소유현황_공동주택
A_2024_00206,HY,202401,,,500006,호주,100001,주택수,1592.0,호수,,호주,주택수,2024년 상반기,국적별 외국인주택소유현황_공동주택
A_2024_00206,HY,202401,,,500007,베트남,100001,주택수,1209.0,호수,,베트남,주택수,2024년 상반기,국적별 외국인주택소유현황_공동주택
A_2024_00206,HY,202401,,,500008,뉴질랜드,100001,주택수,717.0,호수,,뉴질랜드,주택수,2024년 상반기,국적별 외국인주택소유현황_공동주택
A_2024_00206,HY,202401,,,500009,영/프/독,100001,주택수,988.0,호수,,영/프/독,주택수,2024년 상반기,국적별 외국인주택소유현황_공동주택
A_2024_00206,HY,202401,,,500010,기타아시아,100001,주택수,2166.0,호수,,기타아시아,주택수,2024년 상반기,국적별 외국인주택소유현황_공동주택
A_2024_00206,HY,202401,,,500011,기타유럽,100001,주택수,1337.0,호수,,기타유럽,주택수,2024년 상반기,국적별 외국인주택소유현황_공동주택
A_2024_00206,HY,202401,,,500012,기타국가,100001,주택수,123.0,호수,,기타국가,주택수,2024년 상반기,국적별 외국인주택소유현황_공동주택
A_2024_00206,HY,202401,,,500013,기타,100001,주택수,629.0,호수,,기타,주택수,2024년 상반기,국적별 외국인주택소유현황_공동주택
A_2024_00206,HY,202401,,,500001,중국,100002,(지분반영주택수),47942.0,호수,,중국,(지분반영주택수),2024년 상반기,국적별 외국인주택소유현황_공동주택
A_2024_00206,HY,202401,,,500002,미국,100002,(지분반영주택수),15794.0,호수,,미국,(지분반영주택수),2024년 상반기,국적별 외국인주택소유현황_공동주택
A_2024_00206,HY,202401,,,500003,캐나다,100002,(지분반영주택수),4366.0,호수,,캐나다,(지분반영주택수),2024년 상반기,국적별 외국인주택소유현황_공동주택
A_2024_00206,HY,202401,,,500004,일본,100002,(지분반영주택수),1067.0,호수,,일본,(지분반영주택수),2024년 상반기,국적별 외국인주택소유현황_공동주택
A_2024_00206,HY,202401,,,500005,대만,100002,(지분반영주택수),2585.0,호수,,대만,(지분반영주택수),2024년 상반기,국적별 외국인주택소유현황_공동주택
A_2024_00206,HY,202401,,,500006,호주,100002,(지분반영주택수),1342.0,호수,,호주,(지분반영주택수),2024년 상반기,국적별 외국인주택소유현황_공동주택
A_2024_00206,HY,202401,,,500007,베트남,100002,(지분반영주택수),1013.0,호수,,베트남,(지분반영주택수),2024년 상반기,국적별 외국인주택소유현황_공동주택
A_2024_00206,HY,202401,,,500008,뉴질랜드,100002,(지분반영주택수),605.0,호수,,뉴질랜드,(지분반영주택수),2024년 상반기,국적별 외국인주택소유현황_공동주택
A_2024_00206,HY,202401,,,500009,영/프/독,100002,(지분반영주택수),796.0,호수,,영/프/독,(지분반영주택수),2024년 상반기,국적별 외국인주택소유현황_공동주택
A_2024_00206,HY,202401,,,500010,기타아시아,100002,(지분반영주택수),1970.0,호수,,기타아시아,(지분반영주택수),2024년 상반기,국적별 외국인주택소유현황_공동주택
A_2024_00206,HY,202401,,,500011,기타유럽,100002,(지분반영주택수),1213.0,호수,,기타유럽,(지분반영주택수),2024년 상반기,국적별 외국인주택소유현황_공동주택
A_2024_00206,HY,202401,,,500012,기타국가,100002,(지분반영주택수),99.0,호수,,기타국가,(지분반영주택수),2024년 상반기,국적별 외국인주택소유현황_공동주택
A_2024_00206,HY,202401,,,500013,기타,100002,(지분반영주택수),590.0,호수,,기타,(지분반영주택수),2024년 상반기,국적별 외국인주택소유현황_공동주택
A_2024_00206,HY,202401,,,500001,중국,100003,소유자수,54073.0,명,,중국,소유자수,2024년 상반기,국적별 외국인주택소유현황_공동주택
A_2024_00206,HY,202401,,,500002,미국,100003,소유자수,15833.0,명,,미국,소유자수,2024년 상반기,국적별 외국인주택소유현황_공동주택
A_2024_00206,HY,202401,,,500003,캐나다,100003,소유자수,4315.0,명,,캐나다,소유자수,2024년 상반기,국적별 외국인주택소유현황_공동주택
A_2024_00206,HY,202401,,,500004,일본,100003,소유자수,1177.0,명,,일본,소유자수,2024년 상반기,국적별 외국인주택소유현황_공동주택
A_2024_00206,HY,202401,,,500005,대만,100003,소유자수,2530.0,명,,대만,소유자수,2024년 상반기,국적별 외국인주택소유현황_공동주택
A_2024_00206,HY,202401,,,500006,호주,100003,소유자수,1353.0,명,,호주,소유자수,2024년 상반기,국적별 외국인주택소유현황_공동주택
A_2024_00206,HY,202401,,,500007,베트남,100003,소유자수,1193.0,명,,베트남,소유자수,2024년 상반기,국적별 외국인주택소유현황_공동주택
A_2024_00206,HY,202401,,,500008,뉴질랜드,100003,소유자수,629.0,명,,뉴질랜드,소유자수,2024년 상반기,국적별 외국인주택소유현황_공동주택
A_2024_00206,HY,202401,,,500009,영/프/독,100003,소유자수,914.0,명,,영/프/독,소유자수,2024년 상반기,국적별 외국인주택소유현황_공동주택
A_2024_00206,HY,202401,,,500010,기타아시아,100003,소유자수,2109.0,명,,기타아시아,소유자수,2024년 상반기,국적별 외국인주택소유현황_공동주택
A_2024_00206,HY,202401,,,500011,기타유럽,100003,소유자수,1252.0,명,,기타유럽,소유자수,2024년 상반기,국적별 외국인주택소유현황_공동주택
A_2024_00206,HY,202401,,,500012,기타국가,100003,소유자수,118.0,명,,기타국가,소유자수,2024년 상반기,국적별 외국인주택소유현황_공동주택
A_2024_00206,HY,202401,,,500013,기타,100003,소유자수,578.0,명,,기타,소유자수,2024년 상반기,국적별 외국인주택소유현황_공동주택
A_2024_00206,HY,202401,,,500001,중국,100004,1인당 평균소유주택수,0.94,호수,,중국,1인당 평균소유주택수,2024년 상반기,국적별 외국인주택소유현황_공동주택
A_2024_00206,HY,202401,,,500002,미국,100004,1인당 평균소유주택수,1.13,호수,,미국,1인당 평균소유주택수,2024년 상반기,국적별 외국인주택소유현황_공동주택
A_2024_00206,HY,202401,,,500003,캐나다,100004,1인당 평균소유주택수,1.23,호수,,캐나다,1인당 평균소유주택수,2024년 상반기,국적별 외국인주택소유현황_공동주택
A_2024_00206,HY,202401,,,500004,일본,100004,1인당 평균소유주택수,1.13,호수,,일본,1인당 평균소유주택수,2024년 상반기,국적별 외국인주택소유현황_공동주택
A_2024_00206,HY,202401,,,500005,대만,100004,1인당 평균소유주택수,1.11,호수,,대만,1인당 평균소유주택수,2024년 상반기,국적별 외국인주택소유현황_공동주택
A_2024_00206,HY,202401,,,500006,호주,100004,1인당 평균소유주택수,1.18,호수,,호주,1인당 평균소유주택수,2024년 상반기,국적별 외국인주택소유현황_공동주택
A_2024_00206,HY,202401,,,500007,베트남,100004,1인당 평균소유주택수,1.01,호수,,베트남,1인당 평균소유주택수,2024년 상반기,국적별 외국인주택소유현황_공동주택
A_2024_00206,HY,202401,,,500008,뉴질랜드,100004,1인당 평균소유주택수,1.14,호수,,뉴질랜드,1인당 평균소유주택수,2024년 상반기,국적별 외국인주택소유현황_공동주택
A_2024_00206,HY,202401,,,500009,영/프/독,100004,1인당 평균소유주택수,1.08,호수,,영/프/독,1인당 평균소유주택수,2024년 상반기,국적별 외국인주택소유현황_공동주택
A_2024_00206,HY,202401,,,500010,기타아시아,100004,1인당 평균소유주택수,1.03,호수,,기타아시아,1인당 평균소유주택수,2024년 상반기,국적별 외국인주택소유현황_공동주택
A_2024_00206,HY,202401,,,500011,기타유럽,100004,1인당 평균소유주택수,1.07,호수,,기타유럽,1인당 평균소유주택수,2024년 상반기,국적별 외국인주택소유현황_공동주택
A_2024_00206,HY,202401,,,500012,기타국가,100004,1인당 평균소유주택수,1.04,호수,,기타국가,1인당 평균소유주택수,2024년 상반기,국적별 외국인주택소유현황_공동주택
A_2024_00206,HY,202401,,,500013,기타,100004,1인당 평균소유주택수,1.09,호수,,기타,1인당 평균소유주택수,2024년 상반기,국적별 외국인주택소유현황_공동주택
A_2024_00206,HY,202401,,,500001,중국,100005,(지분반영 1인당 평균소유주택수),0.89,호수,,중국,(지분반영 1인당 평균소유주택수),2024년 상반기,국적별 외국인주택소유현황_공동주택
A_2024_00206,HY,202401,,,500002,미국,100005,(지분반영 1인당 평균소유주택수),1.0,호수,,미국,(지분반영 1인당 평균소유주택수),2024년 상반기,국적별 외국인주택소유현황_공동주택
A_2024_00206,HY,202401,,,500003,캐나다,100005,(지분반영 1인당 평균소유주택수),1.01,호수,,캐나다,(지분반영 1인당 평균소유주택수),2024년 상반기,국적별 외국인주택소유현황_공동주택
A_2024_00206,HY,202401,,,500004,일본,100005,(지분반영 1인당 평균소유주택수),0.91,호수,,일본,(지분반영 1인당 평균소유주택수),2024년 상반기,국적별 외국인주택소유현황_공동주택
A_2024_00206,HY,202401,,,500005,대만,100005,(지분반영 1인당 평균소유주택수),1.02,호수,,대만,(지분반영 1인당 평균소유주택수),2024년 상반기,국적별 외국인주택소유현황_공동주택
A_2024_00206,HY,202401,,,500006,호주,100005,(지분반영 1인당 평균소유주택수),0.99,호수,,호주,(지분반영 1인당 평균소유주택수),2024년 상반기,국적별 외국인주택소유현황_공동주택
A_2024_00206,HY,202401,,,500007,베트남,100005,(지분반영 1인당 평균소유주택수),0.85,호수,,베트남,(지분반영 1인당 평균소유주택수),2024년 상반기,국적별 외국인주택소유현황_공동주택
A_2024_00206,HY,202401,,,500008,뉴질랜드,100005,(지분반영 1인당 평균소유주택수),0.96,호수,,뉴질랜드,(지분반영 1인당 평균소유주택수),2024년 상반기,국적별 외국인주택소유현황_공동주택
A_2024_00206,HY,202401,,,500009,영/프/독,100005,(지분반영 1인당 평균소유주택수),0.87,호수,,영/프/독,(지분반영 1인당 평균소유주택수),2024년 상반기,국적별 외국인주택소유현황_공동주택
A_2024_00206,HY,202401,,,500010,기타아시아,100005,(지분반영 1인당 평균소유주택수),0.93,호수,,기타아시아,(지분반영 1인당 평균소유주택수),2024년 상반기,국적별 외국인주택소유현황_공동주택
A_2024_00206,HY,202401,,,500011,기타유럽,100005,(지분반영 1인당 평균소유주택수),0.97,호수,,기타유럽,(지분반영 1인당 평균소유주택수),2024년 상반기,국적별 외국인주택소유현황_공동주택
A_2024_00206,HY,202401,,,500012,기타국가,100005,(지분반영 1인당 평균소유주택수),0.84,호수,,기타국가,(지분반영 1인당 평균소유주택수),2024년 상반기,국적별 외국인주택소유현황_공동주택
A_2024_00206,HY,202401,,,500013,기타,100005,(지분반영 1인당 평균소유주택수),1.02,호수,,기타,(지분반영 1인당 평균소유주택수),2024년 상반기,국적별 외국인주택소유현황_공동주택
A_2024_00206,HY,202402,,,500001,중국,100001,주택수,54121.0,호수,,중국,주택수,2024년 하반기,국적별 외국인주택소유현황_공동주택
A_2024_00206,HY,202402,,,500002,미국,100001,주택수,18463.0,호수,,미국,주택수,2024년 하반기,국적별 외국인주택소유현황_공동주택
A_2024_00206,HY,202402,,,500003,캐나다,100001,주택수,5391.0,호수,,캐나다,주택수,2024년 하반기,국적별 외국인주택소유현황_공동주택
A_2024_00206,HY,202402,,,500004,일본,100001,주택수,1352.0,호수,,일본,주택수,2024년 하반기,국적별 외국인주택소유현황_공동주택
A_2024_00206,HY,202402,,,500005,대만,100001,주택수,2871.0,호수,,대만,주택수,2024년 하반기,국적별 외국인주택소유현황_공동주택
A_2024_00206,HY,202402,,,500006,호주,100001,주택수,1624.0,호수,,호주,주택수,2024년 하반기,국적별 외국인주택소유현황_공동주택
A_2024_00206,HY,202402,,,500007,베트남,100001,주택수,1418.0,호수,,베트남,주택수,2024년 하반기,국적별 외국인주택소유현황_공동주택
A_2024_00206,HY,202402,,,500008,뉴질랜드,100001,주택수,725.0,호수,,뉴질랜드,주택수,2024년 하반기,국적별 외국인주택소유현황_공동주택
A_2024_00206,HY,202402,,,500009,영/프/독,100001,주택수,1024.0,호수,,영/프/독,주택수,2024년 하반기,국적별 외국인주택소유현황_공동주택
A_2024_00206,HY,202402,,,500010,기타아시아,100001,주택수,2475.0,호수,,기타아시아,주택수,2024년 하반기,국적별 외국인주택소유현황_공동주택
A_2024_00206,HY,202402,,,500011,기타유럽,100001,주택수,1494.0,호수,,기타유럽,주택수,2024년 하반기,국적별 외국인주택소유현황_공동주택
A_2024_00206,HY,202402,,,500012,기타국가,100001,주택수,134.0,호수,,기타국가,주택수,2024년 하반기,국적별 외국인주택소유현황_공동주택
A_2024_00206,HY,202402,,,500013,기타,100001,주택수,627.0,호수,,기타,주택수,2024년 하반기,국적별 외국인주택소유현황_공동주택
A_2024_00206,HY,202402,,,500001,중국,100002,(지분반영주택수),51192.0,호수,,중국,(지분반영주택수),2024년 하반기,국적별 외국인주택소유현황_공동주택
A_2024_00206,HY,202402,,,500002,미국,100002,(지분반영주택수),16204.0,호수,,미국,(지분반영주택수),2024년 하반기,국적별 외국인주택소유현황_공동주택
A_2024_00206,HY,202402,,,500003,캐나다,100002,(지분반영주택수),4415.0,호수,,캐나다,(지분반영주택수),2024년 하반기,국적별 외국인주택소유현황_공동주택
A_2024_00206,HY,202402,,,500004,일본,100002,(지분반영주택수),1088.0,호수,,일본,(지분반영주택수),2024년 하반기,국적별 외국인주택소유현황_공동주택
A_2024_00206,HY,202402,,,500005,대만,100002,(지분반영주택수),2631.0,호수,,대만,(지분반영주택수),2024년 하반기,국적별 외국인주택소유현황_공동주택
A_2024_00206,HY,202402,,,500006,호주,100002,(지분반영주택수),1364.0,호수,,호주,(지분반영주택수),2024년 하반기,국적별 외국인주택소유현황_공동주택
A_2024_00206,HY,202402,,,500007,베트남,100002,(지분반영주택수),1196.0,호수,,베트남,(지분반영주택수),2024년 하반기,국적별 외국인주택소유현황_공동주택
A_2024_00206,HY,202402,,,500008,뉴질랜드,100002,(지분반영주택수),608.0,호수,,뉴질랜드,(지분반영주택수),2024년 하반기,국적별 외국인주택소유현황_공동주택
A_2024_00206,HY,202402,,,500009,영/프/독,100002,(지분반영주택수),824.0,호수,,영/프/독,(지분반영주택수),2024년 하반기,국적별 외국인주택소유현황_공동주택
A_2024_00206,HY,202402,,,500010,기타아시아,100002,(지분반영주택수),2261.0,호수,,기타아시아,(지분반영주택수),2024년 하반기,국적별 외국인주택소유현황_공동주택
A_2024_00206,HY,202402,,,500011,기타유럽,100002,(지분반영주택수),1360.0,호수,,기타유럽,(지분반영주택수),2024년 하반기,국적별 외국인주택소유현황_공동주택
A_2024_00206,HY,202402,,,500012,기타국가,100002,(지분반영주택수),108.0,호수,,기타국가,(지분반영주택수),2024년 하반기,국적별 외국인주택소유현황_공동주택
A_2024_00206,HY,202402,,,500013,기타,100002,(지분반영주택수),587.0,호수,,기타,(지분반영주택수),2024년 하반기,국적별 외국인주택소유현황_공동주택
A_2024_00206,HY,202402,,,500001,중국,100003,소유자수,57516.0,명,,중국,소유자수,2024년 하반기,국적별 외국인주택소유현황_공동주택
A_2024_00206,HY,202402,,,500002,미국,100003,소유자수,16350.0,명,,미국,소유자수,2024년 하반기,국적별 외국인주택소유현황_공동주택
A_2024_00206,HY,202402,,,500003,캐나다,100003,소유자수,4413.0,명,,캐나다,소유자수,2024년 하반기,국적별 외국인주택소유현황_공동주택
A_2024_00206,HY,202402,,,500004,일본,100003,소유자수,1200.0,명,,일본,소유자수,2024년 하반기,국적별 외국인주택소유현황_공동주택
A_2024_00206,HY,202402,,,500005,대만,100003,소유자수,2576.0,명,,대만,소유자수,2024년 하반기,국적별 외국인주택소유현황_공동주택
A_2024_00206,HY,202402,,,500006,호주,100003,소유자수,1385.0,명,,호주,소유자수,2024년 하반기,국적별 외국인주택소유현황_공동주택
A_2024_00206,HY,202402,,,500007,베트남,100003,소유자수,1405.0,명,,베트남,소유자수,2024년 하반기,국적별 외국인주택소유현황_공동주택
A_2024_00206,HY,202402,,,500008,뉴질랜드,100003,소유자수,639.0,명,,뉴질랜드,소유자수,2024년 하반기,국적별 외국인주택소유현황_공동주택
A_2024_00206,HY,202402,,,500009,영/프/독,100003,소유자수,951.0,명,,영/프/독,소유자수,2024년 하반기,국적별 외국인주택소유현황_공동주택
A_2024_00206,HY,202402,,,500010,기타아시아,100003,소유자수,2412.0,명,,기타아시아,소유자수,2024년 하반기,국적별 외국인주택소유현황_공동주택
A_2024_00206,HY,202402,,,500011,기타유럽,100003,소유자수,1411.0,명,,기타유럽,소유자수,2024년 하반기,국적별 외국인주택소유현황_공동주택
A_2024_00206,HY,202402,,,500012,기타국가,100003,소유자수,129.0,명,,기타국가,소유자수,2024년 하반기,국적별 외국인주택소유현황_공동주택
A_2024_00206,HY,202402,,,500013,기타,100003,소유자수,566.0,명,,기타,소유자수,2024년 하반기,국적별 외국인주택소유현황_공동주택
A_2024_00206,HY,202402,,,500001,중국,100004,1인당 평균소유주택수,0.94,호수,,중국,1인당 평균소유주택수,2024년 하반기,국적별 외국인주택소유현황_공동주택
A_2024_00206,HY,202402,,,500002,미국,100004,1인당 평균소유주택수,1.13,호수,,미국,1인당 평균소유주택수,2024년 하반기,국적별 외국인주택소유현황_공동주택
A_2024_00206,HY,202402,,,500003,캐나다,100004,1인당 평균소유주택수,1.22,호수,,캐나다,1인당 평균소유주택수,2024년 하반기,국적별 외국인주택소유현황_공동주택
A_2024_00206,HY,202402,,,500004,일본,100004,1인당 평균소유주택수,1.13,호수,,일본,1인당 평균소유주택수,2024년 하반기,국적별 외국인주택소유현황_공동주택
A_2024_00206,HY,202402,,,500005,대만,100004,1인당 평균소유주택수,1.11,호수,,대만,1인당 평균소유주택수,2024년 하반기,국적별 외국인주택소유현황_공동주택
A_2024_00206,HY,202402,,,500006,호주,100004,1인당 평균소유주택수,1.17,호수,,호주,1인당 평균소유주택수,2024년 하반기,국적별 외국인주택소유현황_공동주택
A_2024_00206,HY,202402,,,500007,베트남,100004,1인당 평균소유주택수,1.01,호수,,베트남,1인당 평균소유주택수,2024년 하반기,국적별 외국인주택소유현황_공동주택
A_2024_00206,HY,202402,,,500008,뉴질랜드,100004,1인당 평균소유주택수,1.13,호수,,뉴질랜드,1인당 평균소유주택수,2024년 하반기,국적별 외국인주택소유현황_공동주택
A_2024_00206,HY,202402,,,500009,영/프/독,100004,1인당 평균소유주택수,1.08,호수,,영/프/독,1인당 평균소유주택수,2024년 하반기,국적별 외국인주택소유현황_공동주택
A_2024_00206,HY,202402,,,500010,기타아시아,100004,1인당 평균소유주택수,1.03,호수,,기타아시아,1인당 평균소유주택수,2024년 하반기,국적별 외국인주택소유현황_공동주택
A_2024_00206,HY,202402,,,500011,기타유럽,100004,1인당 평균소유주택수,1.06,호수,,기타유럽,1인당 평균소유주택수,2024년 하반기,국적별 외국인주택소유현황_공동주택
A_2024_00206,HY,202402,,,500012,기타국가,100004,1인당 평균소유주택수,1.04,호수,,기타국가,1인당 평균소유주택수,2024년 하반기,국적별 외국인주택소유현황_공동주택
A_2024_00206,HY,202402,,,500013,기타,100004,1인당 평균소유주택수,1.11,호수,,기타,1인당 평균소유주택수,2024년 하반기,국적별 외국인주택소유현황_공동주택
A_2024_00206,HY,202402,,,500001,중국,100005,(지분반영 1인당 평균소유주택수),0.89,호수,,중국,(지분반영 1인당 평균소유주택수),2024년 하반기,국적별 외국인주택소유현황_공동주택
A_2024_00206,HY,202402,,,500002,미국,100005,(지분반영 1인당 평균소유주택수),0.99,호수,,미국,(지분반영 1인당 평균소유주택수),2024년 하반기,국적별 외국인주택소유현황_공동주택
A_2024_00206,HY,202402,,,500003,캐나다,100005,(지분반영 1인당 평균소유주택수),1.0,호수,,캐나다,(지분반영 1인당 평균소유주택수),2024년 하반기,국적별 외국인주택소유현황_공동주택
A_2024_00206,HY,202402,,,500004,일본,100005,(지분반영 1인당 평균소유주택수),0.91,호수,,일본,(지분반영 1인당 평균소유주택수),2024년 하반기,국적별 외국인주택소유현황_공동주택
A_2024_00206,HY,202402,,,500005,대만,100005,(지분반영 1인당 평균소유주택수),1.02,호수,,대만,(지분반영 1인당 평균소유주택수),2024년 하반기,국적별 외국인주택소유현황_공동주택
A_2024_00206,HY,202402,,,500006,호주,100005,(지분반영 1인당 평균소유주택수),0.99,호수,,호주,(지분반영 1인당 평균소유주택수),2024년 하반기,국적별 외국인주택소유현황_공동주택
A_2024_00206,HY,202402,,,500007,베트남,100005,(지분반영 1인당 평균소유주택수),0.85,호수,,베트남,(지분반영 1인당 평균소유주택수),2024년 하반기,국적별 외국인주택소유현황_공동주택
A_2024_00206,HY,202402,,,500008,뉴질랜드,100005,(지분반영 1인당 평균소유주택수),0.95,호수,,뉴질랜드,(지분반영 1인당 평균소유주택수),2024년 하반기,국적별 외국인주택소유현황_공동주택
A_2024_00206,HY,202402,,,500009,영/프/독,100005,(지분반영 1인당 평균소유주택수),0.87,호수,,영/프/독,(지분반영 1인당 평균소유주택수),2024년 하반기,국적별 외국인주택소유현황_공동주택
A_2024_00206,HY,202402,,,500010,기타아시아,100005,(지분반영 1인당 평균소유주택수),0.94,호수,,기타아시아,(지분반영 1인당 평균소유주택수),2024년 하반기,국적별 외국인주택소유현황_공동주택
A_2024_00206,HY,202402,,,500011,기타유럽,100005,(지분반영 1인당 평균소유주택수),0.96,호수,,기타유럽,(지분반영 1인당 평균소유주택수),2024년 하반기,국적별 외국인주택소유현황_공동주택
A_2024_00206,HY,202402,,,500012,기타국가,100005,(지분반영 1인당 평균소유주택수),0.84,호수,,기타국가,(지분반영 1인당 평균소유주택수),2024년 하반기,국적별 외국인주택소유현황_공동주택
A_2024_00206,HY,202402,,,500013,기타,100005,(지분반영 1인당 평균소유주택수),1.04,호수,,기타,(지분반영 1인당 평균소유주택수),2024년 하반기,국적별 외국인주택소유현황_공동주택
A_2024_00207,HY,202202,,,500001,중국,100001,주택수,1831.0,동수,,중국,주택수,2022년 하반기,국적별 외국인주택소유현황_단독주택
A_2024_00207,HY,202202,,,500002,미국,100001,주택수,3113.0,동수,,미국,주택수,2022년 하반기,국적별 외국인주택소유현황_단독주택
A_2024_00207,HY,202202,,,500003,캐나다,100001,주택수,810.0,동수,,캐나다,주택수,2022년 하반기,국적별 외국인주택소유현황_단독주택
A_2024_00207,HY,202202,,,500004,일본,100001,주택수,253.0,동수,,일본,주택수,2022년 하반기,국적별 외국인주택소유현황_단독주택
A_2024_00207,HY,202202,,,500005,대만,100001,주택수,478.0,동수,,대만,주택수,2022년 하반기,국적별 외국인주택소유현황_단독주택
A_2024_00207,HY,202202,,,500006,호주,100001,주택수,253.0,동수,,호주,주택수,2022년 하반기,국적별 외국인주택소유현황_단독주택
A_2024_00207,HY,202202,,,500007,베트남,100001,주택수,130.0,동수,,베트남,주택수,2022년 하반기,국적별 외국인주택소유현황_단독주택
A_2024_00207,HY,202202,,,500008,뉴질랜드,100001,주택수,109.0,동수,,뉴질랜드,주택수,2022년 하반기,국적별 외국인주택소유현황_단독주택
A_2024_00207,HY,202202,,,500009,영/프/독,100001,주택수,216.0,동수,,영/프/독,주택수,2022년 하반기,국적별 외국인주택소유현황_단독주택
A_2024_00207,HY,202202,,,500010,기타아시아,100001,주택수,153.0,동수,,기타아시아,주택수,2022년 하반기,국적별 외국인주택소유현황_단독주택
A_2024_00207,HY,202202,,,500011,기타유럽,100001,주택수,101.0,동수,,기타유럽,주택수,2022년 하반기,국적별 외국인주택소유현황_단독주택
A_2024_00207,HY,202202,,,500012,기타국가,100001,주택수,15.0,동수,,기타국가,주택수,2022년 하반기,국적별 외국인주택소유현황_단독주택
A_2024_00207,HY,202202,,,500013,기타,100001,주택수,137.0,동수,,기타,주택수,2022년 하반기,국적별 외국인주택소유현황_단독주택
A_2024_00207,HY,202202,,,500001,중국,100002,(지분반영주택수),1624.0,동수,,중국,(지분반영주택수),2022년 하반기,국적별 외국인주택소유현황_단독주택
A_2024_00207,HY,202202,,,500002,미국,100002,(지분반영주택수),2528.0,동수,,미국,(지분반영주택수),2022년 하반기,국적별 외국인주택소유현황_단독주택
A_2024_00207,HY,202202,,,500003,캐나다,100002,(지분반영주택수),609.0,동수,,캐나다,(지분반영주택수),2022년 하반기,국적별 외국인주택소유현황_단독주택
A_2024_00207,HY,202202,,,500004,일본,100002,(지분반영주택수),212.0,동수,,일본,(지분반영주택수),2022년 하반기,국적별 외국인주택소유현황_단독주택
A_2024_00207,HY,202202,,,500005,대만,100002,(지분반영주택수),443.0,동수,,대만,(지분반영주택수),2022년 하반기,국적별 외국인주택소유현황_단독주택
A_2024_00207,HY,202202,,,500006,호주,100002,(지분반영주택수),197.0,동수,,호주,(지분반영주택수),2022년 하반기,국적별 외국인주택소유현황_단독주택
A_2024_00207,HY,202202,,,500007,베트남,100002,(지분반영주택수),99.0,동수,,베트남,(지분반영주택수),2022년 하반기,국적별 외국인주택소유현황_단독주택
A_2024_00207,HY,202202,,,500008,뉴질랜드,100002,(지분반영주택수),80.0,동수,,뉴질랜드,(지분반영주택수),2022년 하반기,국적별 외국인주택소유현황_단독주택
A_2024_00207,HY,202202,,,500009,영/프/독,100002,(지분반영주택수),163.0,동수,,영/프/독,(지분반영주택수),2022년 하반기,국적별 외국인주택소유현황_단독주택
A_2024_00207,HY,202202,,,500010,기타아시아,100002,(지분반영주택수),134.0,동수,,기타아시아,(지분반영주택수),2022년 하반기,국적별 외국인주택소유현황_단독주택
A_2024_00207,HY,202202,,,500011,기타유럽,100002,(지분반영주택수),82.0,동수,,기타유럽,(지분반영주택수),2022년 하반기,국적별 외국인주택소유현황_단독주택
A_2024_00207,HY,202202,,,500012,기타국가,100002,(지분반영주택수),13.0,동수,,기타국가,(지분반영주택수),2022년 하반기,국적별 외국인주택소유현황_단독주택
A_2024_00207,HY,202202,,,500013,기타,100002,(지분반영주택수),123.0,동수,,기타,(지분반영주택수),2022년 하반기,국적별 외국인주택소유현황_단독주택
A_2024_00207,HY,202202,,,500001,중국,100003,소유자수,1847.0,명,,중국,소유자수,2022년 하반기,국적별 외국인주택소유현황_단독주택
A_2024_00207,HY,202202,,,500002,미국,100003,소유자수,3193.0,명,,미국,소유자수,2022년 하반기,국적별 외국인주택소유현황_단독주택
A_2024_00207,HY,202202,,,500003,캐나다,100003,소유자수,814.0,명,,캐나다,소유자수,2022년 하반기,국적별 외국인주택소유현황_단독주택
A_2024_00207,HY,202202,,,500004,일본,100003,소유자수,245.0,명,,일본,소유자수,2022년 하반기,국적별 외국인주택소유현황_단독주택
A_2024_00207,HY,202202,,,500005,대만,100003,소유자수,508.0,명,,대만,소유자수,2022년 하반기,국적별 외국인주택소유현황_단독주택
A_2024_00207,HY,202202,,,500006,호주,100003,소유자수,242.0,명,,호주,소유자수,2022년 하반기,국적별 외국인주택소유현황_단독주택
A_2024_00207,HY,202202,,,500007,베트남,100003,소유자수,128.0,명,,베트남,소유자수,2022년 하반기,국적별 외국인주택소유현황_단독주택
A_2024_00207,HY,202202,,,500008,뉴질랜드,100003,소유자수,104.0,명,,뉴질랜드,소유자수,2022년 하반기,국적별 외국인주택소유현황_단독주택
A_2024_00207,HY,202202,,,500009,영/프/독,100003,소유자수,207.0,명,,영/프/독,소유자수,2022년 하반기,국적별 외국인주택소유현황_단독주택
A_2024_00207,HY,202202,,,500010,기타아시아,100003,소유자수,152.0,명,,기타아시아,소유자수,2022년 하반기,국적별 외국인주택소유현황_단독주택
A_2024_00207,HY,202202,,,500011,기타유럽,100003,소유자수,96.0,명,,기타유럽,소유자수,2022년 하반기,국적별 외국인주택소유현황_단독주택
A_2024_00207,HY,202202,,,500012,기타국가,100003,소유자수,14.0,명,,기타국가,소유자수,2022년 하반기,국적별 외국인주택소유현황_단독주택
A_2024_00207,HY,202202,,,500013,기타,100003,소유자수,142.0,명,,기타,소유자수,2022년 하반기,국적별 외국인주택소유현황_단독주택
A_2024_00207,HY,202202,,,500001,중국,100004,1인당 평균소유주택수,0.99,동수,,중국,1인당 평균소유주택수,2022년 하반기,국적별 외국인주택소유현황_단독주택
A_2024_00207,HY,202202,,,500002,미국,100004,1인당 평균소유주택수,0.97,동수,,미국,1인당 평균소유주택수,2022년 하반기,국적별 외국인주택소유현황_단독주택
A_2024_00207,HY,202202,,,500003,캐나다,100004,1인당 평균소유주택수,1.0,동수,,캐나다,1인당 평균소유주택수,2022년 하반기,국적별 외국인주택소유현황_단독주택
A_2024_00207,HY,202202,,,500004,일본,100004,1인당 평균소유주택수,1.03,동수,,일본,1인당 평균소유주택수,2022년 하반기,국적별 외국인주택소유현황_단독주택
A_2024_00207,HY,202202,,,500005,대만,100004,1인당 평균소유주택수,0.94,동수,,대만,1인당 평균소유주택수,2022년 하반기,국적별 외국인주택소유현황_단독주택
A_2024_00207,HY,202202,,,500006,호주,100004,1인당 평균소유주택수,1.05,동수,,호주,1인당 평균소유주택수,2022년 하반기,국적별 외국인주택소유현황_단독주택
A_2024_00207,HY,202202,,,500007,베트남,100004,1인당 평균소유주택수,1.02,동수,,베트남,1인당 평균소유주택수,2022년 하반기,국적별 외국인주택소유현황_단독주택
A_2024_00207,HY,202202,,,500008,뉴질랜드,100004,1인당 평균소유주택수,1.05,동수,,뉴질랜드,1인당 평균소유주택수,2022년 하반기,국적별 외국인주택소유현황_단독주택
A_2024_00207,HY,202202,,,500009,영/프/독,100004,1인당 평균소유주택수,1.04,동수,,영/프/독,1인당 평균소유주택수,2022년 하반기,국적별 외국인주택소유현황_단독주택
A_2024_00207,HY,202202,,,500010,기타아시아,100004,1인당 평균소유주택수,1.01,동수,,기타아시아,1인당 평균소유주택수,2022년 하반기,국적별 외국인주택소유현황_단독주택
A_2024_00207,HY,202202,,,500011,기타유럽,100004,1인당 평균소유주택수,1.05,동수,,기타유럽,1인당 평균소유주택수,2022년 하반기,국적별 외국인주택소유현황_단독주택
A_2024_00207,HY,202202,,,500012,기타국가,100004,1인당 평균소유주택수,1.07,동수,,기타국가,1인당 평균소유주택수,2022년 하반기,국적별 외국인주택소유현황_단독주택
A_2024_00207,HY,202202,,,500013,기타,100004,1인당 평균소유주택수,0.96,동수,,기타,1인당 평균소유주택수,2022년 하반기,국적별 외국인주택소유현황_단독주택
A_2024_00207,HY,202202,,,500001,중국,100005,(지분반영 1인당 평균소유주택수),0.88,동수,,중국,(지분반영 1인당 평균소유주택수),2022년 하반기,국적별 외국인주택소유현황_단독주택
A_2024_00207,HY,202202,,,500002,미국,100005,(지분반영 1인당 평균소유주택수),0.79,동수,,미국,(지분반영 1인당 평균소유주택수),2022년 하반기,국적별 외국인주택소유현황_단독주택
A_2024_00207,HY,202202,,,500003,캐나다,100005,(지분반영 1인당 평균소유주택수),0.75,동수,,캐나다,(지분반영 1인당 평균소유주택수),2022년 하반기,국적별 외국인주택소유현황_단독주택
A_2024_00207,HY,202202,,,500004,일본,100005,(지분반영 1인당 평균소유주택수),0.86,동수,,일본,(지분반영 1인당 평균소유주택수),2022년 하반기,국적별 외국인주택소유현황_단독주택
A_2024_00207,HY,202202,,,500005,대만,100005,(지분반영 1인당 평균소유주택수),0.87,동수,,대만,(지분반영 1인당 평균소유주택수),2022년 하반기,국적별 외국인주택소유현황_단독주택
A_2024_00207,HY,202202,,,500006,호주,100005,(지분반영 1인당 평균소유주택수),0.82,동수,,호주,(지분반영 1인당 평균소유주택수),2022년 하반기,국적별 외국인주택소유현황_단독주택
A_2024_00207,HY,202202,,,500007,베트남,100005,(지분반영 1인당 평균소유주택수),0.77,동수,,베트남,(지분반영 1인당 평균소유주택수),2022년 하반기,국적별 외국인주택소유현황_단독주택
A_2024_00207,HY,202202,,,500008,뉴질랜드,100005,(지분반영 1인당 평균소유주택수),0.77,동수,,뉴질랜드,(지분반영 1인당 평균소유주택수),2022년 하반기,국적별 외국인주택소유현황_단독주택
A_2024_00207,HY,202202,,,500009,영/프/독,100005,(지분반영 1인당 평균소유주택수),0.79,동수,,영/프/독,(지분반영 1인당 평균소유주택수),2022년 하반기,국적별 외국인주택소유현황_단독주택
A_2024_00207,HY,202202,,,500010,기타아시아,100005,(지분반영 1인당 평균소유주택수),0.88,동수,,기타아시아,(지분반영 1인당 평균소유주택수),2022년 하반기,국적별 외국인주택소유현황_단독주택
A_2024_00207,HY,202202,,,500011,기타유럽,100005,(지분반영 1인당 평균소유주택수),0.85,동수,,기타유럽,(지분반영 1인당 평균소유주택수),2022년 하반기,국적별 외국인주택소유현황_단독주택
A_2024_00207,HY,202202,,,500012,기타국가,100005,(지분반영 1인당 평균소유주택수),0.9,동수,,기타국가,(지분반영 1인당 평균소유주택수),2022년 하반기,국적별 외국인주택소유현황_단독주택
A_2024_00207,HY,202202,,,500013,기타,100005,(지분반영 1인당 평균소유주택수),0.87,동수,,기타,(지분반영 1인당 평균소유주택수),2022년 하반기,국적별 외국인주택소유현황_단독주택
A_2024_00207,HY,202301,,,500001,중국,100001,주택수,1921.0,동수,,중국,주택수,2023년 상반기,국적별 외국인주택소유현황_단독주택
A_2024_00207,HY,202301,,,500002,미국,100001,주택수,3237.0,동수,,미국,주택수,2023년 상반기,국적별 외국인주택소유현황_단독주택
A_2024_00207,HY,202301,,,500003,캐나다,100001,주택수,850.0,동수,,캐나다,주택수,2023년 상반기,국적별 외국인주택소유현황_단독주택
A_2024_00207,HY,202301,,,500004,일본,100001,주택수,250.0,동수,,일본,주택수,2023년 상반기,국적별 외국인주택소유현황_단독주택
A_2024_00207,HY,202301,,,500005,대만,100001,주택수,485.0,동수,,대만,주택수,2023년 상반기,국적별 외국인주택소유현황_단독주택
A_2024_00207,HY,202301,,,500006,호주,100001,주택수,278.0,동수,,호주,주택수,2023년 상반기,국적별 외국인주택소유현황_단독주택
A_2024_00207,HY,202301,,,500007,베트남,100001,주택수,134.0,동수,,베트남,주택수,2023년 상반기,국적별 외국인주택소유현황_단독주택
A_2024_00207,HY,202301,,,500008,뉴질랜드,100001,주택수,114.0,동수,,뉴질랜드,주택수,2023년 상반기,국적별 외국인주택소유현황_단독주택
A_2024_00207,HY,202301,,,500009,영/프/독,100001,주택수,219.0,동수,,영/프/독,주택수,2023년 상반기,국적별 외국인주택소유현황_단독주택
A_2024_00207,HY,202301,,,500010,기타아시아,100001,주택수,171.0,동수,,기타아시아,주택수,2023년 상반기,국적별 외국인주택소유현황_단독주택
A_2024_00207,HY,202301,,,500011,기타유럽,100001,주택수,106.0,동수,,기타유럽,주택수,2023년 상반기,국적별 외국인주택소유현황_단독주택
A_2024_00207,HY,202301,,,500012,기타국가,100001,주택수,15.0,동수,,기타국가,주택수,2023년 상반기,국적별 외국인주택소유현황_단독주택
A_2024_00207,HY,202301,,,500013,기타,100001,주택수,135.0,동수,,기타,주택수,2023년 상반기,국적별 외국인주택소유현황_단독주택
A_2024_00207,HY,202301,,,500001,중국,100002,(지분반영주택수),1702.0,동수,,중국,(지분반영주택수),2023년 상반기,국적별 외국인주택소유현황_단독주택
A_2024_00207,HY,202301,,,500002,미국,100002,(지분반영주택수),2618.0,동수,,미국,(지분반영주택수),2023년 상반기,국적별 외국인주택소유현황_단독주택
A_2024_00207,HY,202301,,,500003,캐나다,100002,(지분반영주택수),639.0,동수,,캐나다,(지분반영주택수),2023년 상반기,국적별 외국인주택소유현황_단독주택
A_2024_00207,HY,202301,,,500004,일본,100002,(지분반영주택수),209.0,동수,,일본,(지분반영주택수),2023년 상반기,국적별 외국인주택소유현황_단독주택
A_2024_00207,HY,202301,,,500005,대만,100002,(지분반영주택수),448.0,동수,,대만,(지분반영주택수),2023년 상반기,국적별 외국인주택소유현황_단독주택
A_2024_00207,HY,202301,,,500006,호주,100002,(지분반영주택수),215.0,동수,,호주,(지분반영주택수),2023년 상반기,국적별 외국인주택소유현황_단독주택
A_2024_00207,HY,202301,,,500007,베트남,100002,(지분반영주택수),102.0,동수,,베트남,(지분반영주택수),2023년 상반기,국적별 외국인주택소유현황_단독주택
A_2024_00207,HY,202301,,,500008,뉴질랜드,100002,(지분반영주택수),83.0,동수,,뉴질랜드,(지분반영주택수),2023년 상반기,국적별 외국인주택소유현황_단독주택
A_2024_00207,HY,202301,,,500009,영/프/독,100002,(지분반영주택수),163.0,동수,,영/프/독,(지분반영주택수),2023년 상반기,국적별 외국인주택소유현황_단독주택
A_2024_00207,HY,202301,,,500010,기타아시아,100002,(지분반영주택수),150.0,동수,,기타아시아,(지분반영주택수),2023년 상반기,국적별 외국인주택소유현황_단독주택
A_2024_00207,HY,202301,,,500011,기타유럽,100002,(지분반영주택수),86.0,동수,,기타유럽,(지분반영주택수),2023년 상반기,국적별 외국인주택소유현황_단독주택
A_2024_00207,HY,202301,,,500012,기타국가,100002,(지분반영주택수),13.0,동수,,기타국가,(지분반영주택수),2023년 상반기,국적별 외국인주택소유현황_단독주택
A_2024_00207,HY,202301,,,500013,기타,100002,(지분반영주택수),122.0,동수,,기타,(지분반영주택수),2023년 상반기,국적별 외국인주택소유현황_단독주택
A_2024_00207,HY,202301,,,500001,중국,100003,소유자수,1938.0,명,,중국,소유자수,2023년 상반기,국적별 외국인주택소유현황_단독주택
A_2024_00207,HY,202301,,,500002,미국,100003,소유자수,3323.0,명,,미국,소유자수,2023년 상반기,국적별 외국인주택소유현황_단독주택
A_2024_00207,HY,202301,,,500003,캐나다,100003,소유자수,851.0,명,,캐나다,소유자수,2023년 상반기,국적별 외국인주택소유현황_단독주택
A_2024_00207,HY,202301,,,500004,일본,100003,소유자수,241.0,명,,일본,소유자수,2023년 상반기,국적별 외국인주택소유현황_단독주택
A_2024_00207,HY,202301,,,500005,대만,100003,소유자수,515.0,명,,대만,소유자수,2023년 상반기,국적별 외국인주택소유현황_단독주택
A_2024_00207,HY,202301,,,500006,호주,100003,소유자수,264.0,명,,호주,소유자수,2023년 상반기,국적별 외국인주택소유현황_단독주택
A_2024_00207,HY,202301,,,500007,베트남,100003,소유자수,132.0,명,,베트남,소유자수,2023년 상반기,국적별 외국인주택소유현황_단독주택
A_2024_00207,HY,202301,,,500008,뉴질랜드,100003,소유자수,108.0,명,,뉴질랜드,소유자수,2023년 상반기,국적별 외국인주택소유현황_단독주택
A_2024_00207,HY,202301,,,500009,영/프/독,100003,소유자수,210.0,명,,영/프/독,소유자수,2023년 상반기,국적별 외국인주택소유현황_단독주택
A_2024_00207,HY,202301,,,500010,기타아시아,100003,소유자수,168.0,명,,기타아시아,소유자수,2023년 상반기,국적별 외국인주택소유현황_단독주택
A_2024_00207,HY,202301,,,500011,기타유럽,100003,소유자수,103.0,명,,기타유럽,소유자수,2023년 상반기,국적별 외국인주택소유현황_단독주택
A_2024_00207,HY,202301,,,500012,기타국가,100003,소유자수,14.0,명,,기타국가,소유자수,2023년 상반기,국적별 외국인주택소유현황_단독주택
A_2024_00207,HY,202301,,,500013,기타,100003,소유자수,140.0,명,,기타,소유자수,2023년 상반기,국적별 외국인주택소유현황_단독주택
A_2024_00207,HY,202301,,,500001,중국,100004,1인당 평균소유주택수,0.99,동수,,중국,1인당 평균소유주택수,2023년 상반기,국적별 외국인주택소유현황_단독주택
A_2024_00207,HY,202301,,,500002,미국,100004,1인당 평균소유주택수,0.97,동수,,미국,1인당 평균소유주택수,2023년 상반기,국적별 외국인주택소유현황_단독주택
A_2024_00207,HY,202301,,,500003,캐나다,100004,1인당 평균소유주택수,1.0,동수,,캐나다,1인당 평균소유주택수,2023년 상반기,국적별 외국인주택소유현황_단독주택
A_2024_00207,HY,202301,,,500004,일본,100004,1인당 평균소유주택수,1.04,동수,,일본,1인당 평균소유주택수,2023년 상반기,국적별 외국인주택소유현황_단독주택
A_2024_00207,HY,202301,,,500005,대만,100004,1인당 평균소유주택수,0.94,동수,,대만,1인당 평균소유주택수,2023년 상반기,국적별 외국인주택소유현황_단독주택
A_2024_00207,HY,202301,,,500006,호주,100004,1인당 평균소유주택수,1.05,동수,,호주,1인당 평균소유주택수,2023년 상반기,국적별 외국인주택소유현황_단독주택
A_2024_00207,HY,202301,,,500007,베트남,100004,1인당 평균소유주택수,1.02,동수,,베트남,1인당 평균소유주택수,2023년 상반기,국적별 외국인주택소유현황_단독주택
A_2024_00207,HY,202301,,,500008,뉴질랜드,100004,1인당 평균소유주택수,1.06,동수,,뉴질랜드,1인당 평균소유주택수,2023년 상반기,국적별 외국인주택소유현황_단독주택
A_2024_00207,HY,202301,,,500009,영/프/독,100004,1인당 평균소유주택수,1.04,동수,,영/프/독,1인당 평균소유주택수,2023년 상반기,국적별 외국인주택소유현황_단독주택
A_2024_00207,HY,202301,,,500010,기타아시아,100004,1인당 평균소유주택수,1.02,동수,,기타아시아,1인당 평균소유주택수,2023년 상반기,국적별 외국인주택소유현황_단독주택
A_2024_00207,HY,202301,,,500011,기타유럽,100004,1인당 평균소유주택수,1.03,동수,,기타유럽,1인당 평균소유주택수,2023년 상반기,국적별 외국인주택소유현황_단독주택
A_2024_00207,HY,202301,,,500012,기타국가,100004,1인당 평균소유주택수,1.07,동수,,기타국가,1인당 평균소유주택수,2023년 상반기,국적별 외국인주택소유현황_단독주택
A_2024_00207,HY,202301,,,500013,기타,100004,1인당 평균소유주택수,0.96,동수,,기타,1인당 평균소유주택수,2023년 상반기,국적별 외국인주택소유현황_단독주택
A_2024_00207,HY,202301,,,500001,중국,100005,(지분반영 1인당 평균소유주택수),0.88,동수,,중국,(지분반영 1인당 평균소유주택수),2023년 상반기,국적별 외국인주택소유현황_단독주택
A_2024_00207,HY,202301,,,500002,미국,100005,(지분반영 1인당 평균소유주택수),0.79,동수,,미국,(지분반영 1인당 평균소유주택수),2023년 상반기,국적별 외국인주택소유현황_단독주택
A_2024_00207,HY,202301,,,500003,캐나다,100005,(지분반영 1인당 평균소유주택수),0.75,동수,,캐나다,(지분반영 1인당 평균소유주택수),2023년 상반기,국적별 외국인주택소유현황_단독주택
A_2024_00207,HY,202301,,,500004,일본,100005,(지분반영 1인당 평균소유주택수),0.87,동수,,일본,(지분반영 1인당 평균소유주택수),2023년 상반기,국적별 외국인주택소유현황_단독주택
A_2024_00207,HY,202301,,,500005,대만,100005,(지분반영 1인당 평균소유주택수),0.87,동수,,대만,(지분반영 1인당 평균소유주택수),2023년 상반기,국적별 외국인주택소유현황_단독주택
A_2024_00207,HY,202301,,,500006,호주,100005,(지분반영 1인당 평균소유주택수),0.81,동수,,호주,(지분반영 1인당 평균소유주택수),2023년 상반기,국적별 외국인주택소유현황_단독주택
A_2024_00207,HY,202301,,,500007,베트남,100005,(지분반영 1인당 평균소유주택수),0.78,동수,,베트남,(지분반영 1인당 평균소유주택수),2023년 상반기,국적별 외국인주택소유현황_단독주택
A_2024_00207,HY,202301,,,500008,뉴질랜드,100005,(지분반영 1인당 평균소유주택수),0.77,동수,,뉴질랜드,(지분반영 1인당 평균소유주택수),2023년 상반기,국적별 외국인주택소유현황_단독주택
A_2024_00207,HY,202301,,,500009,영/프/독,100005,(지분반영 1인당 평균소유주택수),0.78,동수,,영/프/독,(지분반영 1인당 평균소유주택수),2023년 상반기,국적별 외국인주택소유현황_단독주택
A_2024_00207,HY,202301,,,500010,기타아시아,100005,(지분반영 1인당 평균소유주택수),0.89,동수,,기타아시아,(지분반영 1인당 평균소유주택수),2023년 상반기,국적별 외국인주택소유현황_단독주택
A_2024_00207,HY,202301,,,500011,기타유럽,100005,(지분반영 1인당 평균소유주택수),0.84,동수,,기타유럽,(지분반영 1인당 평균소유주택수),2023년 상반기,국적별 외국인주택소유현황_단독주택
A_2024_00207,HY,202301,,,500012,기타국가,100005,(지분반영 1인당 평균소유주택수),0.9,동수,,기타국가,(지분반영 1인당 평균소유주택수),2023년 상반기,국적별 외국인주택소유현황_단독주택
A_2024_00207,HY,202301,,,500013,기타,100005,(지분반영 1인당 평균소유주택수),0.87,동수,,기타,(지분반영 1인당 평균소유주택수),2023년 상반기,국적별 외국인주택소유현황_단독주택
A_2024_00207,HY,202302,,,500001,중국,100001,주택수,1996.0,동수,,중국,주택수,2023년 하반기,국적별 외국인주택소유현황_단독주택
A_2024_00207,HY,202302,,,500002,미국,100001,주택수,3345.0,동수,,미국,주택수,2023년 하반기,국적별 외국인주택소유현황_단독주택
A_2024_00207,HY,202302,,,500003,캐나다,100001,주택수,878.0,동수,,캐나다,주택수,2023년 하반기,국적별 외국인주택소유현황_단독주택
A_2024_00207,HY,202302,,,500004,일본,100001,주택수,251.0,동수,,일본,주택수,2023년 하반기,국적별 외국인주택소유현황_단독주택
A_2024_00207,HY,202302,,,500005,대만,100001,주택수,488.0,동수,,대만,주택수,2023년 하반기,국적별 외국인주택소유현황_단독주택
A_2024_00207,HY,202302,,,500006,호주,100001,주택수,291.0,동수,,호주,주택수,2023년 하반기,국적별 외국인주택소유현황_단독주택
A_2024_00207,HY,202302,,,500007,베트남,100001,주택수,152.0,동수,,베트남,주택수,2023년 하반기,국적별 외국인주택소유현황_단독주택
A_2024_00207,HY,202302,,,500008,뉴질랜드,100001,주택수,114.0,동수,,뉴질랜드,주택수,2023년 하반기,국적별 외국인주택소유현황_단독주택
A_2024_00207,HY,202302,,,500009,영/프/독,100001,주택수,227.0,동수,,영/프/독,주택수,2023년 하반기,국적별 외국인주택소유현황_단독주택
A_2024_00207,HY,202302,,,500010,기타아시아,100001,주택수,187.0,동수,,기타아시아,주택수,2023년 하반기,국적별 외국인주택소유현황_단독주택
A_2024_00207,HY,202302,,,500011,기타유럽,100001,주택수,114.0,동수,,기타유럽,주택수,2023년 하반기,국적별 외국인주택소유현황_단독주택
A_2024_00207,HY,202302,,,500012,기타국가,100001,주택수,14.0,동수,,기타국가,주택수,2023년 하반기,국적별 외국인주택소유현황_단독주택
A_2024_00207,HY,202302,,,500013,기타,100001,주택수,133.0,동수,,기타,주택수,2023년 하반기,국적별 외국인주택소유현황_단독주택
A_2024_00207,HY,202302,,,500001,중국,100002,(지분반영주택수),1769.0,동수,,중국,(지분반영주택수),2023년 하반기,국적별 외국인주택소유현황_단독주택
A_2024_00207,HY,202302,,,500002,미국,100002,(지분반영주택수),2703.0,동수,,미국,(지분반영주택수),2023년 하반기,국적별 외국인주택소유현황_단독주택
A_2024_00207,HY,202302,,,500003,캐나다,100002,(지분반영주택수),654.0,동수,,캐나다,(지분반영주택수),2023년 하반기,국적별 외국인주택소유현황_단독주택
A_2024_00207,HY,202302,,,500004,일본,100002,(지분반영주택수),211.0,동수,,일본,(지분반영주택수),2023년 하반기,국적별 외국인주택소유현황_단독주택
A_2024_00207,HY,202302,,,500005,대만,100002,(지분반영주택수),452.0,동수,,대만,(지분반영주택수),2023년 하반기,국적별 외국인주택소유현황_단독주택
A_2024_00207,HY,202302,,,500006,호주,100002,(지분반영주택수),225.0,동수,,호주,(지분반영주택수),2023년 하반기,국적별 외국인주택소유현황_단독주택
A_2024_00207,HY,202302,,,500007,베트남,100002,(지분반영주택수),117.0,동수,,베트남,(지분반영주택수),2023년 하반기,국적별 외국인주택소유현황_단독주택
A_2024_00207,HY,202302,,,500008,뉴질랜드,100002,(지분반영주택수),81.0,동수,,뉴질랜드,(지분반영주택수),2023년 하반기,국적별 외국인주택소유현황_단독주택
A_2024_00207,HY,202302,,,500009,영/프/독,100002,(지분반영주택수),170.0,동수,,영/프/독,(지분반영주택수),2023년 하반기,국적별 외국인주택소유현황_단독주택
A_2024_00207,HY,202302,,,500010,기타아시아,100002,(지분반영주택수),164.0,동수,,기타아시아,(지분반영주택수),2023년 하반기,국적별 외국인주택소유현황_단독주택
A_2024_00207,HY,202302,,,500011,기타유럽,100002,(지분반영주택수),94.0,동수,,기타유럽,(지분반영주택수),2023년 하반기,국적별 외국인주택소유현황_단독주택
A_2024_00207,HY,202302,,,500012,기타국가,100002,(지분반영주택수),12.0,동수,,기타국가,(지분반영주택수),2023년 하반기,국적별 외국인주택소유현황_단독주택
A_2024_00207,HY,202302,,,500013,기타,100002,(지분반영주택수),120.0,동수,,기타,(지분반영주택수),2023년 하반기,국적별 외국인주택소유현황_단독주택
A_2024_00207,HY,202302,,,500001,중국,100003,소유자수,2018.0,명,,중국,소유자수,2023년 하반기,국적별 외국인주택소유현황_단독주택
A_2024_00207,HY,202302,,,500002,미국,100003,소유자수,3439.0,명,,미국,소유자수,2023년 하반기,국적별 외국인주택소유현황_단독주택
A_2024_00207,HY,202302,,,500003,캐나다,100003,소유자수,884.0,명,,캐나다,소유자수,2023년 하반기,국적별 외국인주택소유현황_단독주택
A_2024_00207,HY,202302,,,500004,일본,100003,소유자수,240.0,명,,일본,소유자수,2023년 하반기,국적별 외국인주택소유현황_단독주택
A_2024_00207,HY,202302,,,500005,대만,100003,소유자수,520.0,명,,대만,소유자수,2023년 하반기,국적별 외국인주택소유현황_단독주택
A_2024_00207,HY,202302,,,500006,호주,100003,소유자수,278.0,명,,호주,소유자수,2023년 하반기,국적별 외국인주택소유현황_단독주택
A_2024_00207,HY,202302,,,500007,베트남,100003,소유자수,150.0,명,,베트남,소유자수,2023년 하반기,국적별 외국인주택소유현황_단독주택
A_2024_00207,HY,202302,,,500008,뉴질랜드,100003,소유자수,108.0,명,,뉴질랜드,소유자수,2023년 하반기,국적별 외국인주택소유현황_단독주택
A_2024_00207,HY,202302,,,500009,영/프/독,100003,소유자수,217.0,명,,영/프/독,소유자수,2023년 하반기,국적별 외국인주택소유현황_단독주택
A_2024_00207,HY,202302,,,500010,기타아시아,100003,소유자수,183.0,명,,기타아시아,소유자수,2023년 하반기,국적별 외국인주택소유현황_단독주택
A_2024_00207,HY,202302,,,500011,기타유럽,100003,소유자수,111.0,명,,기타유럽,소유자수,2023년 하반기,국적별 외국인주택소유현황_단독주택
A_2024_00207,HY,202302,,,500012,기타국가,100003,소유자수,13.0,명,,기타국가,소유자수,2023년 하반기,국적별 외국인주택소유현황_단독주택
A_2024_00207,HY,202302,,,500013,기타,100003,소유자수,138.0,명,,기타,소유자수,2023년 하반기,국적별 외국인주택소유현황_단독주택
A_2024_00207,HY,202302,,,500001,중국,100004,1인당 평균소유주택수,0.99,동수,,중국,1인당 평균소유주택수,2023년 하반기,국적별 외국인주택소유현황_단독주택
A_2024_00207,HY,202302,,,500002,미국,100004,1인당 평균소유주택수,0.97,동수,,미국,1인당 평균소유주택수,2023년 하반기,국적별 외국인주택소유현황_단독주택
A_2024_00207,HY,202302,,,500003,캐나다,100004,1인당 평균소유주택수,0.99,동수,,캐나다,1인당 평균소유주택수,2023년 하반기,국적별 외국인주택소유현황_단독주택
A_2024_00207,HY,202302,,,500004,일본,100004,1인당 평균소유주택수,1.05,동수,,일본,1인당 평균소유주택수,2023년 하반기,국적별 외국인주택소유현황_단독주택
A_2024_00207,HY,202302,,,500005,대만,100004,1인당 평균소유주택수,0.94,동수,,대만,1인당 평균소유주택수,2023년 하반기,국적별 외국인주택소유현황_단독주택
A_2024_00207,HY,202302,,,500006,호주,100004,1인당 평균소유주택수,1.05,동수,,호주,1인당 평균소유주택수,2023년 하반기,국적별 외국인주택소유현황_단독주택
A_2024_00207,HY,202302,,,500007,베트남,100004,1인당 평균소유주택수,1.01,동수,,베트남,1인당 평균소유주택수,2023년 하반기,국적별 외국인주택소유현황_단독주택
A_2024_00207,HY,202302,,,500008,뉴질랜드,100004,1인당 평균소유주택수,1.06,동수,,뉴질랜드,1인당 평균소유주택수,2023년 하반기,국적별 외국인주택소유현황_단독주택
A_2024_00207,HY,202302,,,500009,영/프/독,100004,1인당 평균소유주택수,1.05,동수,,영/프/독,1인당 평균소유주택수,2023년 하반기,국적별 외국인주택소유현황_단독주택
A_2024_00207,HY,202302,,,500010,기타아시아,100004,1인당 평균소유주택수,1.02,동수,,기타아시아,1인당 평균소유주택수,2023년 하반기,국적별 외국인주택소유현황_단독주택
A_2024_00207,HY,202302,,,500011,기타유럽,100004,1인당 평균소유주택수,1.03,동수,,기타유럽,1인당 평균소유주택수,2023년 하반기,국적별 외국인주택소유현황_단독주택
A_2024_00207,HY,202302,,,500012,기타국가,100004,1인당 평균소유주택수,1.08,동수,,기타국가,1인당 평균소유주택수,2023년 하반기,국적별 외국인주택소유현황_단독주택
A_2024_00207,HY,202302,,,500013,기타,100004,1인당 평균소유주택수,0.96,동수,,기타,1인당 평균소유주택수,2023년 하반기,국적별 외국인주택소유현황_단독주택
A_2024_00207,HY,202302,,,500001,중국,100005,(지분반영 1인당 평균소유주택수),0.88,동수,,중국,(지분반영 1인당 평균소유주택수),2023년 하반기,국적별 외국인주택소유현황_단독주택
A_2024_00207,HY,202302,,,500002,미국,100005,(지분반영 1인당 평균소유주택수),0.79,동수,,미국,(지분반영 1인당 평균소유주택수),2023년 하반기,국적별 외국인주택소유현황_단독주택
A_2024_00207,HY,202302,,,500003,캐나다,100005,(지분반영 1인당 평균소유주택수),0.74,동수,,캐나다,(지분반영 1인당 평균소유주택수),2023년 하반기,국적별 외국인주택소유현황_단독주택
A_2024_00207,HY,202302,,,500004,일본,100005,(지분반영 1인당 평균소유주택수),0.88,동수,,일본,(지분반영 1인당 평균소유주택수),2023년 하반기,국적별 외국인주택소유현황_단독주택
A_2024_00207,HY,202302,,,500005,대만,100005,(지분반영 1인당 평균소유주택수),0.87,동수,,대만,(지분반영 1인당 평균소유주택수),2023년 하반기,국적별 외국인주택소유현황_단독주택
A_2024_00207,HY,202302,,,500006,호주,100005,(지분반영 1인당 평균소유주택수),0.81,동수,,호주,(지분반영 1인당 평균소유주택수),2023년 하반기,국적별 외국인주택소유현황_단독주택
A_2024_00207,HY,202302,,,500007,베트남,100005,(지분반영 1인당 평균소유주택수),0.78,동수,,베트남,(지분반영 1인당 평균소유주택수),2023년 하반기,국적별 외국인주택소유현황_단독주택
A_2024_00207,HY,202302,,,500008,뉴질랜드,100005,(지분반영 1인당 평균소유주택수),0.75,동수,,뉴질랜드,(지분반영 1인당 평균소유주택수),2023년 하반기,국적별 외국인주택소유현황_단독주택
A_2024_00207,HY,202302,,,500009,영/프/독,100005,(지분반영 1인당 평균소유주택수),0.79,동수,,영/프/독,(지분반영 1인당 평균소유주택수),2023년 하반기,국적별 외국인주택소유현황_단독주택
A_2024_00207,HY,202302,,,500010,기타아시아,100005,(지분반영 1인당 평균소유주택수),0.9,동수,,기타아시아,(지분반영 1인당 평균소유주택수),2023년 하반기,국적별 외국인주택소유현황_단독주택
A_2024_00207,HY,202302,,,500011,기타유럽,100005,(지분반영 1인당 평균소유주택수),0.85,동수,,기타유럽,(지분반영 1인당 평균소유주택수),2023년 하반기,국적별 외국인주택소유현황_단독주택
A_2024_00207,HY,202302,,,500012,기타국가,100005,(지분반영 1인당 평균소유주택수),0.9,동수,,기타국가,(지분반영 1인당 평균소유주택수),2023년 하반기,국적별 외국인주택소유현황_단독주택
A_2024_00207,HY,202302,,,500013,기타,100005,(지분반영 1인당 평균소유주택수),0.87,동수,,기타,(지분반영 1인당 평균소유주택수),2023년 하반기,국적별 외국인주택소유현황_단독주택
A_2024_00207,HY,202401,,,500001,중국,100001,주택수,2064.0,동수,,중국,주택수,2024년 상반기,국적별 외국인주택소유현황_단독주택
A_2024_00207,HY,202401,,,500002,미국,100001,주택수,3436.0,동수,,미국,주택수,2024년 상반기,국적별 외국인주택소유현황_단독주택
A_2024_00207,HY,202401,,,500003,캐나다,100001,주택수,898.0,동수,,캐나다,주택수,2024년 상반기,국적별 외국인주택소유현황_단독주택
A_2024_00207,HY,202401,,,500004,일본,100001,주택수,254.0,동수,,일본,주택수,2024년 상반기,국적별 외국인주택소유현황_단독주택
A_2024_00207,HY,202401,,,500005,대만,100001,주택수,487.0,동수,,대만,주택수,2024년 상반기,국적별 외국인주택소유현황_단독주택
A_2024_00207,HY,202401,,,500006,호주,100001,주택수,302.0,동수,,호주,주택수,2024년 상반기,국적별 외국인주택소유현황_단독주택
A_2024_00207,HY,202401,,,500007,베트남,100001,주택수,164.0,동수,,베트남,주택수,2024년 상반기,국적별 외국인주택소유현황_단독주택
A_2024_00207,HY,202401,,,500008,뉴질랜드,100001,주택수,116.0,동수,,뉴질랜드,주택수,2024년 상반기,국적별 외국인주택소유현황_단독주택
A_2024_00207,HY,202401,,,500009,영/프/독,100001,주택수,230.0,동수,,영/프/독,주택수,2024년 상반기,국적별 외국인주택소유현황_단독주택
A_2024_00207,HY,202401,,,500010,기타아시아,100001,주택수,199.0,동수,,기타아시아,주택수,2024년 상반기,국적별 외국인주택소유현황_단독주택
A_2024_00207,HY,202401,,,500011,기타유럽,100001,주택수,117.0,동수,,기타유럽,주택수,2024년 상반기,국적별 외국인주택소유현황_단독주택
A_2024_00207,HY,202401,,,500012,기타국가,100001,주택수,15.0,동수,,기타국가,주택수,2024년 상반기,국적별 외국인주택소유현황_단독주택
A_2024_00207,HY,202401,,,500013,기타,100001,주택수,129.0,동수,,기타,주택수,2024년 상반기,국적별 외국인주택소유현황_단독주택
A_2024_00207,HY,202401,,,500001,중국,100002,(지분반영주택수),1828.0,동수,,중국,(지분반영주택수),2024년 상반기,국적별 외국인주택소유현황_단독주택
A_2024_00207,HY,202401,,,500002,미국,100002,(지분반영주택수),2780.0,동수,,미국,(지분반영주택수),2024년 상반기,국적별 외국인주택소유현황_단독주택
A_2024_00207,HY,202401,,,500003,캐나다,100002,(지분반영주택수),669.0,동수,,캐나다,(지분반영주택수),2024년 상반기,국적별 외국인주택소유현황_단독주택
A_2024_00207,HY,202401,,,500004,일본,100002,(지분반영주택수),213.0,동수,,일본,(지분반영주택수),2024년 상반기,국적별 외국인주택소유현황_단독주택
A_2024_00207,HY,202401,,,500005,대만,100002,(지분반영주택수),450.0,동수,,대만,(지분반영주택수),2024년 상반기,국적별 외국인주택소유현황_단독주택
A_2024_00207,HY,202401,,,500006,호주,100002,(지분반영주택수),229.0,동수,,호주,(지분반영주택수),2024년 상반기,국적별 외국인주택소유현황_단독주택
A_2024_00207,HY,202401,,,500007,베트남,100002,(지분반영주택수),125.0,동수,,베트남,(지분반영주택수),2024년 상반기,국적별 외국인주택소유현황_단독주택
A_2024_00207,HY,202401,,,500008,뉴질랜드,100002,(지분반영주택수),81.0,동수,,뉴질랜드,(지분반영주택수),2024년 상반기,국적별 외국인주택소유현황_단독주택
A_2024_00207,HY,202401,,,500009,영/프/독,100002,(지분반영주택수),172.0,동수,,영/프/독,(지분반영주택수),2024년 상반기,국적별 외국인주택소유현황_단독주택
A_2024_00207,HY,202401,,,500010,기타아시아,100002,(지분반영주택수),174.0,동수,,기타아시아,(지분반영주택수),2024년 상반기,국적별 외국인주택소유현황_단독주택
A_2024_00207,HY,202401,,,500011,기타유럽,100002,(지분반영주택수),98.0,동수,,기타유럽,(지분반영주택수),2024년 상반기,국적별 외국인주택소유현황_단독주택
A_2024_00207,HY,202401,,,500012,기타국가,100002,(지분반영주택수),12.0,동수,,기타국가,(지분반영주택수),2024년 상반기,국적별 외국인주택소유현황_단독주택
A_2024_00207,HY,202401,,,500013,기타,100002,(지분반영주택수),117.0,동수,,기타,(지분반영주택수),2024년 상반기,국적별 외국인주택소유현황_단독주택
A_2024_00207,HY,202401,,,500001,중국,100003,소유자수,2087.0,명,,중국,소유자수,2024년 상반기,국적별 외국인주택소유현황_단독주택
A_2024_00207,HY,202401,,,500002,미국,100003,소유자수,3541.0,명,,미국,소유자수,2024년 상반기,국적별 외국인주택소유현황_단독주택
A_2024_00207,HY,202401,,,500003,캐나다,100003,소유자수,902.0,명,,캐나다,소유자수,2024년 상반기,국적별 외국인주택소유현황_단독주택
A_2024_00207,HY,202401,,,500004,일본,100003,소유자수,244.0,명,,일본,소유자수,2024년 상반기,국적별 외국인주택소유현황_단독주택
A_2024_00207,HY,202401,,,500005,대만,100003,소유자수,520.0,명,,대만,소유자수,2024년 상반기,국적별 외국인주택소유현황_단독주택
A_2024_00207,HY,202401,,,500006,호주,100003,소유자수,290.0,명,,호주,소유자수,2024년 상반기,국적별 외국인주택소유현황_단독주택
A_2024_00207,HY,202401,,,500007,베트남,100003,소유자수,164.0,명,,베트남,소유자수,2024년 상반기,국적별 외국인주택소유현황_단독주택
A_2024_00207,HY,202401,,,500008,뉴질랜드,100003,소유자수,110.0,명,,뉴질랜드,소유자수,2024년 상반기,국적별 외국인주택소유현황_단독주택
A_2024_00207,HY,202401,,,500009,영/프/독,100003,소유자수,219.0,명,,영/프/독,소유자수,2024년 상반기,국적별 외국인주택소유현황_단독주택
A_2024_00207,HY,202401,,,500010,기타아시아,100003,소유자수,194.0,명,,기타아시아,소유자수,2024년 상반기,국적별 외국인주택소유현황_단독주택
A_2024_00207,HY,202401,,,500011,기타유럽,100003,소유자수,113.0,명,,기타유럽,소유자수,2024년 상반기,국적별 외국인주택소유현황_단독주택
A_2024_00207,HY,202401,,,500012,기타국가,100003,소유자수,14.0,명,,기타국가,소유자수,2024년 상반기,국적별 외국인주택소유현황_단독주택
A_2024_00207,HY,202401,,,500013,기타,100003,소유자수,134.0,명,,기타,소유자수,2024년 상반기,국적별 외국인주택소유현황_단독주택
A_2024_00207,HY,202401,,,500001,중국,100004,1인당 평균소유주택수,0.99,동수,,중국,1인당 평균소유주택수,2024년 상반기,국적별 외국인주택소유현황_단독주택
A_2024_00207,HY,202401,,,500002,미국,100004,1인당 평균소유주택수,0.97,동수,,미국,1인당 평균소유주택수,2024년 상반기,국적별 외국인주택소유현황_단독주택
A_2024_00207,HY,202401,,,500003,캐나다,100004,1인당 평균소유주택수,1.0,동수,,캐나다,1인당 평균소유주택수,2024년 상반기,국적별 외국인주택소유현황_단독주택
A_2024_00207,HY,202401,,,500004,일본,100004,1인당 평균소유주택수,1.04,동수,,일본,1인당 평균소유주택수,2024년 상반기,국적별 외국인주택소유현황_단독주택
A_2024_00207,HY,202401,,,500005,대만,100004,1인당 평균소유주택수,0.94,동수,,대만,1인당 평균소유주택수,2024년 상반기,국적별 외국인주택소유현황_단독주택
A_2024_00207,HY,202401,,,500006,호주,100004,1인당 평균소유주택수,1.04,동수,,호주,1인당 평균소유주택수,2024년 상반기,국적별 외국인주택소유현황_단독주택
A_2024_00207,HY,202401,,,500007,베트남,100004,1인당 평균소유주택수,1.0,동수,,베트남,1인당 평균소유주택수,2024년 상반기,국적별 외국인주택소유현황_단독주택
A_2024_00207,HY,202401,,,500008,뉴질랜드,100004,1인당 평균소유주택수,1.05,동수,,뉴질랜드,1인당 평균소유주택수,2024년 상반기,국적별 외국인주택소유현황_단독주택
A_2024_00207,HY,202401,,,500009,영/프/독,100004,1인당 평균소유주택수,1.05,동수,,영/프/독,1인당 평균소유주택수,2024년 상반기,국적별 외국인주택소유현황_단독주택
A_2024_00207,HY,202401,,,500010,기타아시아,100004,1인당 평균소유주택수,1.03,동수,,기타아시아,1인당 평균소유주택수,2024년 상반기,국적별 외국인주택소유현황_단독주택
A_2024_00207,HY,202401,,,500011,기타유럽,100004,1인당 평균소유주택수,1.04,동수,,기타유럽,1인당 평균소유주택수,2024년 상반기,국적별 외국인주택소유현황_단독주택
A_2024_00207,HY,202401,,,500012,기타국가,100004,1인당 평균소유주택수,1.07,동수,,기타국가,1인당 평균소유주택수,2024년 상반기,국적별 외국인주택소유현황_단독주택
A_2024_00207,HY,202401,,,500013,기타,100004,1인당 평균소유주택수,0.96,동수,,기타,1인당 평균소유주택수,2024년 상반기,국적별 외국인주택소유현황_단독주택
A_2024_00207,HY,202401,,,500001,중국,100005,(지분반영 1인당 평균소유주택수),0.88,동수,,중국,(지분반영 1인당 평균소유주택수),2024년 상반기,국적별 외국인주택소유현황_단독주택
A_2024_00207,HY,202401,,,500002,미국,100005,(지분반영 1인당 평균소유주택수),0.78,동수,,미국,(지분반영 1인당 평균소유주택수),2024년 상반기,국적별 외국인주택소유현황_단독주택
A_2024_00207,HY,202401,,,500003,캐나다,100005,(지분반영 1인당 평균소유주택수),0.74,동수,,캐나다,(지분반영 1인당 평균소유주택수),2024년 상반기,국적별 외국인주택소유현황_단독주택
A_2024_00207,HY,202401,,,500004,일본,100005,(지분반영 1인당 평균소유주택수),0.87,동수,,일본,(지분반영 1인당 평균소유주택수),2024년 상반기,국적별 외국인주택소유현황_단독주택
A_2024_00207,HY,202401,,,500005,대만,100005,(지분반영 1인당 평균소유주택수),0.87,동수,,대만,(지분반영 1인당 평균소유주택수),2024년 상반기,국적별 외국인주택소유현황_단독주택
A_2024_00207,HY,202401,,,500006,호주,100005,(지분반영 1인당 평균소유주택수),0.79,동수,,호주,(지분반영 1인당 평균소유주택수),2024년 상반기,국적별 외국인주택소유현황_단독주택
A_2024_00207,HY,202401,,,500007,베트남,100005,(지분반영 1인당 평균소유주택수),0.76,동수,,베트남,(지분반영 1인당 평균소유주택수),2024년 상반기,국적별 외국인주택소유현황_단독주택
A_2024_00207,HY,202401,,,500008,뉴질랜드,100005,(지분반영 1인당 평균소유주택수),0.73,동수,,뉴질랜드,(지분반영 1인당 평균소유주택수),2024년 상반기,국적별 외국인주택소유현황_단독주택
A_2024_00207,HY,202401,,,500009,영/프/독,100005,(지분반영 1인당 평균소유주택수),0.79,동수,,영/프/독,(지분반영 1인당 평균소유주택수),2024년 상반기,국적별 외국인주택소유현황_단독주택
A_2024_00207,HY,202401,,,500010,기타아시아,100005,(지분반영 1인당 평균소유주택수),0.9,동수,,기타아시아,(지분반영 1인당 평균소유주택수),2024년 상반기,국적별 외국인주택소유현황_단독주택
A_2024_00207,HY,202401,,,500011,기타유럽,100005,(지분반영 1인당 평균소유주택수),0.86,동수,,기타유럽,(지분반영 1인당 평균소유주택수),2024년 상반기,국적별 외국인주택소유현황_단독주택
A_2024_00207,HY,202401,,,500012,기타국가,100005,(지분반영 1인당 평균소유주택수),0.87,동수,,기타국가,(지분반영 1인당 평균소유주택수),2024년 상반기,국적별 외국인주택소유현황_단독주택
A_2024_00207,HY,202401,,,500013,기타,100005,(지분반영 1인당 평균소유주택수),0.87,동수,,기타,(지분반영 1인당 평균소유주택수),2024년 상반기,국적별 외국인주택소유현황_단독주택
A_2024_00207,HY,202402,,,500001,중국,100001,주택수,2180.0,동수,,중국,주택수,2024년 하반기,국적별 외국인주택소유현황_단독주택
A_2024_00207,HY,202402,,,500002,미국,100001,주택수,3568.0,동수,,미국,주택수,2024년 하반기,국적별 외국인주택소유현황_단독주택
A_2024_00207,HY,202402,,,500003,캐나다,100001,주택수,924.0,동수,,캐나다,주택수,2024년 하반기,국적별 외국인주택소유현황_단독주택
A_2024_00207,HY,202402,,,500004,일본,100001,주택수,256.0,동수,,일본,주택수,2024년 하반기,국적별 외국인주택소유현황_단독주택
A_2024_00207,HY,202402,,,500005,대만,100001,주택수,489.0,동수,,대만,주택수,2024년 하반기,국적별 외국인주택소유현황_단독주택
A_2024_00207,HY,202402,,,500006,호주,100001,주택수,316.0,동수,,호주,주택수,2024년 하반기,국적별 외국인주택소유현황_단독주택
A_2024_00207,HY,202402,,,500007,베트남,100001,주택수,188.0,동수,,베트남,주택수,2024년 하반기,국적별 외국인주택소유현황_단독주택
A_2024_00207,HY,202402,,,500008,뉴질랜드,100001,주택수,118.0,동수,,뉴질랜드,주택수,2024년 하반기,국적별 외국인주택소유현황_단독주택
A_2024_00207,HY,202402,,,500009,영/프/독,100001,주택수,233.0,동수,,영/프/독,주택수,2024년 하반기,국적별 외국인주택소유현황_단독주택
A_2024_00207,HY,202402,,,500010,기타아시아,100001,주택수,212.0,동수,,기타아시아,주택수,2024년 하반기,국적별 외국인주택소유현황_단독주택
A_2024_00207,HY,202402,,,500011,기타유럽,100001,주택수,122.0,동수,,기타유럽,주택수,2024년 하반기,국적별 외국인주택소유현황_단독주택
A_2024_00207,HY,202402,,,500012,기타국가,100001,주택수,16.0,동수,,기타국가,주택수,2024년 하반기,국적별 외국인주택소유현황_단독주택
A_2024_00207,HY,202402,,,500013,기타,100001,주택수,127.0,동수,,기타,주택수,2024년 하반기,국적별 외국인주택소유현황_단독주택
A_2024_00207,HY,202402,,,500001,중국,100002,(지분반영주택수),1935.0,동수,,중국,(지분반영주택수),2024년 하반기,국적별 외국인주택소유현황_단독주택
A_2024_00207,HY,202402,,,500002,미국,100002,(지분반영주택수),2876.0,동수,,미국,(지분반영주택수),2024년 하반기,국적별 외국인주택소유현황_단독주택
A_2024_00207,HY,202402,,,500003,캐나다,100002,(지분반영주택수),687.0,동수,,캐나다,(지분반영주택수),2024년 하반기,국적별 외국인주택소유현황_단독주택
A_2024_00207,HY,202402,,,500004,일본,100002,(지분반영주택수),216.0,동수,,일본,(지분반영주택수),2024년 하반기,국적별 외국인주택소유현황_단독주택
A_2024_00207,HY,202402,,,500005,대만,100002,(지분반영주택수),452.0,동수,,대만,(지분반영주택수),2024년 하반기,국적별 외국인주택소유현황_단독주택
A_2024_00207,HY,202402,,,500006,호주,100002,(지분반영주택수),240.0,동수,,호주,(지분반영주택수),2024년 하반기,국적별 외국인주택소유현황_단독주택
A_2024_00207,HY,202402,,,500007,베트남,100002,(지분반영주택수),143.0,동수,,베트남,(지분반영주택수),2024년 하반기,국적별 외국인주택소유현황_단독주택
A_2024_00207,HY,202402,,,500008,뉴질랜드,100002,(지분반영주택수),83.0,동수,,뉴질랜드,(지분반영주택수),2024년 하반기,국적별 외국인주택소유현황_단독주택
A_2024_00207,HY,202402,,,500009,영/프/독,100002,(지분반영주택수),175.0,동수,,영/프/독,(지분반영주택수),2024년 하반기,국적별 외국인주택소유현황_단독주택
A_2024_00207,HY,202402,,,500010,기타아시아,100002,(지분반영주택수),184.0,동수,,기타아시아,(지분반영주택수),2024년 하반기,국적별 외국인주택소유현황_단독주택
A_2024_00207,HY,202402,,,500011,기타유럽,100002,(지분반영주택수),103.0,동수,,기타유럽,(지분반영주택수),2024년 하반기,국적별 외국인주택소유현황_단독주택
A_2024_00207,HY,202402,,,500012,기타국가,100002,(지분반영주택수),13.0,동수,,기타국가,(지분반영주택수),2024년 하반기,국적별 외국인주택소유현황_단독주택
A_2024_00207,HY,202402,,,500013,기타,100002,(지분반영주택수),114.0,동수,,기타,(지분반영주택수),2024년 하반기,국적별 외국인주택소유현황_단독주택
A_2024_00207,HY,202402,,,500001,중국,100003,소유자수,2206.0,명,,중국,소유자수,2024년 하반기,국적별 외국인주택소유현황_단독주택
A_2024_00207,HY,202402,,,500002,미국,100003,소유자수,3686.0,명,,미국,소유자수,2024년 하반기,국적별 외국인주택소유현황_단독주택
A_2024_00207,HY,202402,,,500003,캐나다,100003,소유자수,928.0,명,,캐나다,소유자수,2024년 하반기,국적별 외국인주택소유현황_단독주택
A_2024_00207,HY,202402,,,500004,일본,100003,소유자수,245.0,명,,일본,소유자수,2024년 하반기,국적별 외국인주택소유현황_단독주택
A_2024_00207,HY,202402,,,500005,대만,100003,소유자수,521.0,명,,대만,소유자수,2024년 하반기,국적별 외국인주택소유현황_단독주택
A_2024_00207,HY,202402,,,500006,호주,100003,소유자수,305.0,명,,호주,소유자수,2024년 하반기,국적별 외국인주택소유현황_단독주택
A_2024_00207,HY,202402,,,500007,베트남,100003,소유자수,187.0,명,,베트남,소유자수,2024년 하반기,국적별 외국인주택소유현황_단독주택
A_2024_00207,HY,202402,,,500008,뉴질랜드,100003,소유자수,112.0,명,,뉴질랜드,소유자수,2024년 하반기,국적별 외국인주택소유현황_단독주택
A_2024_00207,HY,202402,,,500009,영/프/독,100003,소유자수,224.0,명,,영/프/독,소유자수,2024년 하반기,국적별 외국인주택소유현황_단독주택
A_2024_00207,HY,202402,,,500010,기타아시아,100003,소유자수,208.0,명,,기타아시아,소유자수,2024년 하반기,국적별 외국인주택소유현황_단독주택
A_2024_00207,HY,202402,,,500011,기타유럽,100003,소유자수,118.0,명,,기타유럽,소유자수,2024년 하반기,국적별 외국인주택소유현황_단독주택
A_2024_00207,HY,202402,,,500012,기타국가,100003,소유자수,15.0,명,,기타국가,소유자수,2024년 하반기,국적별 외국인주택소유현황_단독주택
A_2024_00207,HY,202402,,,500013,기타,100003,소유자수,131.0,명,,기타,소유자수,2024년 하반기,국적별 외국인주택소유현황_단독주택
A_2024_00207,HY,202402,,,500001,중국,100004,1인당 평균소유주택수,0.99,동수,,중국,1인당 평균소유주택수,2024년 하반기,국적별 외국인주택소유현황_단독주택
A_2024_00207,HY,202402,,,500002,미국,100004,1인당 평균소유주택수,0.97,동수,,미국,1인당 평균소유주택수,2024년 하반기,국적별 외국인주택소유현황_단독주택
A_2024_00207,HY,202402,,,500003,캐나다,100004,1인당 평균소유주택수,1.0,동수,,캐나다,1인당 평균소유주택수,2024년 하반기,국적별 외국인주택소유현황_단독주택
A_2024_00207,HY,202402,,,500004,일본,100004,1인당 평균소유주택수,1.04,동수,,일본,1인당 평균소유주택수,2024년 하반기,국적별 외국인주택소유현황_단독주택
A_2024_00207,HY,202402,,,500005,대만,100004,1인당 평균소유주택수,0.94,동수,,대만,1인당 평균소유주택수,2024년 하반기,국적별 외국인주택소유현황_단독주택
A_2024_00207,HY,202402,,,500006,호주,100004,1인당 평균소유주택수,1.04,동수,,호주,1인당 평균소유주택수,2024년 하반기,국적별 외국인주택소유현황_단독주택
A_2024_00207,HY,202402,,,500007,베트남,100004,1인당 평균소유주택수,1.01,동수,,베트남,1인당 평균소유주택수,2024년 하반기,국적별 외국인주택소유현황_단독주택
A_2024_00207,HY,202402,,,500008,뉴질랜드,100004,1인당 평균소유주택수,1.05,동수,,뉴질랜드,1인당 평균소유주택수,2024년 하반기,국적별 외국인주택소유현황_단독주택
A_2024_00207,HY,202402,,,500009,영/프/독,100004,1인당 평균소유주택수,1.04,동수,,영/프/독,1인당 평균소유주택수,2024년 하반기,국적별 외국인주택소유현황_단독주택
A_2024_00207,HY,202402,,,500010,기타아시아,100004,1인당 평균소유주택수,1.02,동수,,기타아시아,1인당 평균소유주택수,2024년 하반기,국적별 외국인주택소유현황_단독주택
A_2024_00207,HY,202402,,,500011,기타유럽,100004,1인당 평균소유주택수,1.03,동수,,기타유럽,1인당 평균소유주택수,2024년 하반기,국적별 외국인주택소유현황_단독주택
A_2024_00207,HY,202402,,,500012,기타국가,100004,1인당 평균소유주택수,1.07,동수,,기타국가,1인당 평균소유주택수,2024년 하반기,국적별 외국인주택소유현황_단독주택
A_2024_00207,HY,202402,,,500013,기타,100004,1인당 평균소유주택수,0.97,동수,,기타,1인당 평균소유주택수,2024년 하반기,국적별 외국인주택소유현황_단독주택
A_2024_00207,HY,202402,,,500001,중국,100005,(지분반영 1인당 평균소유주택수),0.88,동수,,중국,(지분반영 1인당 평균소유주택수),2024년 하반기,국적별 외국인주택소유현황_단독주택
A_2024_00207,HY,202402,,,500002,미국,100005,(지분반영 1인당 평균소유주택수),0.78,동수,,미국,(지분반영 1인당 평균소유주택수),2024년 하반기,국적별 외국인주택소유현황_단독주택
A_2024_00207,HY,202402,,,500003,캐나다,100005,(지분반영 1인당 평균소유주택수),0.74,동수,,캐나다,(지분반영 1인당 평균소유주택수),2024년 하반기,국적별 외국인주택소유현황_단독주택
A_2024_00207,HY,202402,,,500004,일본,100005,(지분반영 1인당 평균소유주택수),0.88,동수,,일본,(지분반영 1인당 평균소유주택수),2024년 하반기,국적별 외국인주택소유현황_단독주택
A_2024_00207,HY,202402,,,500005,대만,100005,(지분반영 1인당 평균소유주택수),0.87,동수,,대만,(지분반영 1인당 평균소유주택수),2024년 하반기,국적별 외국인주택소유현황_단독주택
A_2024_00207,HY,202402,,,500006,호주,100005,(지분반영 1인당 평균소유주택수),0.79,동수,,호주,(지분반영 1인당 평균소유주택수),2024년 하반기,국적별 외국인주택소유현황_단독주택
A_2024_00207,HY,202402,,,500007,베트남,100005,(지분반영 1인당 평균소유주택수),0.76,동수,,베트남,(지분반영 1인당 평균소유주택수),2024년 하반기,국적별 외국인주택소유현황_단독주택
A_2024_00207,HY,202402,,,500008,뉴질랜드,100005,(지분반영 1인당 평균소유주택수),0.74,동수,,뉴질랜드,(지분반영 1인당 평균소유주택수),2024년 하반기,국적별 외국인주택소유현황_단독주택
A_2024_00207,HY,202402,,,500009,영/프/독,100005,(지분반영 1인당 평균소유주택수),0.78,동수,,영/프/독,(지분반영 1인당 평균소유주택수),2024년 하반기,국적별 외국인주택소유현황_단독주택
A_2024_00207,HY,202402,,,500010,기타아시아,100005,(지분반영 1인당 평균소유주택수),0.89,동수,,기타아시아,(지분반영 1인당 평균소유주택수),2024년 하반기,국적별 외국인주택소유현황_단독주택
A_2024_00207,HY,202402,,,500011,기타유럽,100005,(지분반영 1인당 평균소유주택수),0.87,동수,,기타유럽,(지분반영 1인당 평균소유주택수),2024년 하반기,국적별 외국인주택소유현황_단독주택
A_2024_00207,HY,202402,,,500012,기타국가,100005,(지분반영 1인당 평균소유주택수),0.84,동수,,기타국가,(지분반영 1인당 평균소유주택수),2024년 하반기,국적별 외국인주택소유현황_단독주택
A_2024_00207,HY,202402,,,500013,기타,100005,(지분반영 1인당 평균소유주택수),0.87,동수,,기타,(지분반영 1인당 평균소유주택수),2024년 하반기,국적별 외국인주택소유현황_단독주택
